id,label
252d840db,21
1c4736dea,21
dfd946ac8,5
6e644aad3,21
0c3ae4377,21
98f62f563,78
a31f90373,21
855229539,5
0bf251179,27
512aaea7c,5
2dd56f346,32
b57dfb28a,5
d5320553f,5
3cf6321ab,32
e45a81eb4,32
a83db002c,27
6074e6638,34
ac0930c4d,5
1a5872fb5,78
2fafd906d,21
2a5e80a12,5
41ab6b40a,78
5bb0fd4f7,32
ac6d42eca,27
a1a2e7691,5
4e5e899bd,34
fe2bfa700,78
eb86fad74,32
0435e3c70,32
efa3cd848,5
3d2ee2570,78
c476f6495,32
6ef2473d3,21
954d0fe63,78
73ff3946d,78
8d53d2814,21
2bf06cd03,78
f5b855bb6,21
5b3c21bc7,5
1ee5a55be,32
336577848,32
22f63c29b,32
e9b9e8a26,21
ce71e2dfe,5
aedb03983,21
94db73148,21
49b260995,5
56e5b72fb,32
fac9307e4,78
5b8579555,78
1f36484d7,5
c145a87d1,32
d6a792c0d,78
54493a1bd,78
d828c217b,78
558548e53,32
353bf092d,78
a0277cf50,21
793a50bcd,32
58dc520a5,21
25db0cefa,5
80c048cf1,32
533d4492a,78
ea7342d9a,32
5d23a793d,78
f20ae4712,34
49e871eee,5
165766e9b,32
7371defc6,5
ad2e27bb5,32
18ca651a1,78
689a0fbd7,21
2adebc1b3,78
7827a1d5b,5
74f238044,5
c2a426d70,78
27a95ef27,32
07550addf,5
b1f3717dc,78
a8f945820,5
f789af170,5
c127de43c,5
461f4f5b2,34
df723f46d,5
852b5fb74,21
240684145,21
b2d489e27,21
33fd32684,78
c6492c817,78
0d9ca96d7,5
f4672d1aa,34
8a4293e72,5
64a27fd4c,78
06ebbb560,21
31323febb,78
b364e8688,34
bff69770d,78
65ad58f26,5
df89c0568,78
1d73dffbc,21
eb0a53a24,32
1fda84008,78
4f06ca2cd,21
492cb82ee,5
392d70bc1,21
da83fb069,32
4e686a694,32
501117624,78
e646d3124,5
27eb5a7ee,13
b57f67883,5
8cb3a6ba1,32
650d157b1,5
05dc093b8,23
2cccd8e5e,5
5ced5d4a8,32
014bc73f0,32
4c9f8b6cb,5
c0f132f35,78
ab218ac50,32
5f15c8bd6,21
2deaeb284,78
e237880ca,78
4181595b9,5
7fdb2b868,21
6f509e3dd,21
1d73e26e9,78
656cc827c,5
7b1773554,5
75001ddea,78
38c7f43d6,85
011d32580,78
ed4b21055,21
35396fb82,34
f07838a9e,78
0b9841d58,32
c4c78dc65,78
daa970cd3,78
797ae6066,78
0a159c5f5,78
a13beee25,21
63655033a,5
00ff2c720,5
cc9db3d3f,21
dcdf04ae1,21
3aafc89b3,5
7a552ca1c,5
7aa990232,5
a7857a9be,78
33948db2d,5
5a74ce4ab,32
51c386b65,5
63d16d8d7,32
5d0017929,32
13c92db23,21
f2d41d6c3,32
c832cf426,5
e08032ac1,32
24aae97eb,32
99c14d554,21
587e44cea,5
c2d8b52f0,21
f1177451e,5
cb697da69,5
81cabee91,32
7db72601e,32
87a93b8d6,78
af5e2bbd4,5
ccf2ec80c,78
18d41400e,32
ac937c18b,21
a3160e2c1,5
09ebedf6a,34
e3c7bb70c,5
b7af85f6e,32
be2773579,78
0c548045a,5
5bae6010f,5
54cd18535,34
5464a7e4b,5
2d8716e8b,32
8a693ad10,27
e611f94be,5
965dfff6a,34
f80c8bbf5,78
af4873fe3,21
9e07d0aad,5
329d815e5,78
a73af3677,78
1d1f028b2,78
74973ce69,32
0d989f57f,78
79686d60a,32
26a59215c,21
348bfc268,21
598a1c3d9,5
842297200,32
e3efeee68,78
d2a45014c,32
88f6fd6e4,78
31fd82f08,78
ce17d08ea,21
14be34092,34
61f976a63,27
36be47274,5
c0654d4f5,21
95f9e2bd3,32
462e25ba9,78
f80b1c8c1,5
fae67c6fb,5
c8f0b4717,78
bcbb5c787,32
8b11c130a,23
692cfa850,78
5e0da2b1f,32
a67c5bc5b,32
4c742de40,78
57ca642dd,5
1f937e111,5
07aad3ba6,78
7dcf1e590,78
0bb9c3f30,78
0d9e342f6,5
a66f7bbc6,78
08b4c02fe,32
f7ad645eb,21
b65acd50b,21
a8b46288f,23
5e5acfa07,78
6233d3e01,32
fd7cd952e,78
55a2149cb,21
075602d66,21
6e7629a9b,78
fb61eca01,78
5235c6c53,5
e67454090,5
9c73592f0,21
32c22cba6,27
29a02c757,78
2ae7f866e,21
9aea1d3b4,21
c8349d602,21
2ae85b034,78
c82045295,32
2ad779d27,78
416b038b2,21
e3b9acc43,78
d702d0c15,78
3a01c3e88,32
19b1f6ed1,5
a9f3ec5aa,5
1559449c3,5
868f3ca31,32
5ccc5c940,78
ca2cc5375,78
b9a6f2dab,21
5fed86a73,32
26b07058c,23
15442a507,32
f563b8f1b,78
02821f581,78
a645ada8e,32
a81b149d6,78
485e088fd,78
29d710a29,21
1153cf999,78
77628c813,32
cb1fa5404,5
e87c94e9b,78
505515f6b,78
94c53b0c3,5
9fe3b171a,78
8ca2371d5,32
0a399baa5,78
c8b1673ca,32
42dc18525,78
7c2f23622,5
43ccfd5e2,32
bfcedb4e7,32
8a361b630,78
1d1b18d38,32
51f6d891d,21
474219bf8,78
6c7e15c23,98
bfb86b915,78
43b2ec735,21
d503d72f3,32
ab54ef65b,21
347f41bd1,5
925f36b79,78
d493e1205,78
0787857e3,5
4f855f8ce,78
f49141ac9,32
53cf1033d,78
0e1fdb95a,21
a7f1fb92f,78
a7088bd2f,21
0dffe81ea,78
cd4179139,32
5e2692d15,78
d375ebc76,32
c7ab8e645,21
79cde037e,32
1fb27e305,5
5d426c1bf,32
53cd52d9a,32
a025436a1,32
867374cad,32
91fae734e,21
c357e5a70,34
7560dda12,5
127e61a47,34
2b403205a,5
156c0950f,78
441472ae6,32
6eeec13c3,27
1ba32dd82,23
5e45c97c9,32
49f7cdb45,32
fc3f3fa1f,32
c11e44cde,78
04cbe7a50,78
278e2fa12,21
df38bb8b2,32
49f864fe9,78
b56ccfec7,21
702b7fc70,5
577793268,34
bada5fd0d,5
e9178e294,5
f4f248df9,27
516a450b7,32
86935b0d7,5
536842c4b,21
137107106,21
f93b17627,32
8fa0abb21,21
5233ee8fe,5
cc599caf1,5
5d17abe47,78
a8e11ba37,32
0905820a2,21
ba9e184b1,21
b5fdbbd19,5
8701aa4ff,32
74a2503cd,21
d45c77b42,5
60372c4bb,21
f1e56842d,5
6d822303c,21
1eabd5622,32
01863f6d7,78
fbae2fb1a,34
17f8af701,32
230302d1d,78
fb87ee5a3,5
530bde853,78
4d4c87a41,5
563c9008d,78
1fea6253b,5
0fedbbf5f,32
0fc65150e,5
151b27a24,21
48b84677d,21
4479d35f0,5
0fea673a3,5
3a1396fa3,5
41a1ca700,78
8ecdad441,78
4374d5272,78
fc85dadd3,78
92ec435fc,32
3856fdbd7,21
d28273036,78
186a8ff9c,32
a31e545e0,5
e78504c82,27
5cc2f95e9,32
132212f11,21
f534d4ae1,32
19f37512d,78
e4ba02634,32
59d5309a8,5
187b49cc5,32
5fdf59f6f,21
8a4dedc87,78
2198f8dae,5
9f80990ad,32
6a6ad6ad3,5
e87044bc2,32
fe843e592,32
75753e7b1,98
e44ef0f10,5
3433a69c3,21
5e4a5b406,21
a39a47b84,78
a575e3bf7,78
1d808a2d1,21
fb60964fd,78
aba2f346f,5
23f8fc3d9,5
5a3dafc67,5
05c992976,78
532eacbec,21
ae016f27f,78
5ed06cc85,21
926ed805c,21
ac3ed3cb8,78
20b4cff1d,78
8a5e6e01a,5
a12ca9636,21
b7ad7d574,32
2e78d7d23,78
439c8664a,78
5b9abdbc8,32
9d8d9607d,32
ce6096353,5
07565a412,78
f1c7db9eb,21
6f3f4d188,32
28462ed13,78
8b0062584,32
e69b66458,5
fdf7c8fe5,78
7b89cf590,32
7da20ceb0,5
93b754b97,32
f1495d941,32
894696267,32
038c1315b,5
5d1259367,21
1d51372a8,5
b9ff3b500,5
0f40f447a,5
ebb1d9137,78
6f0d8372e,78
855c94fc9,5
9199afd98,32
ac73af09f,21
334df9a32,21
b8ff15213,5
e758b0185,21
9a33c631b,5
de8fd4020,32
bd3bf8f16,78
470847079,21
91a2ba8ab,5
f2ef2873a,5
d92df455f,21
5628f5deb,5
280b71230,21
af7eab8ce,5
8fc79c991,78
a8ae0ccc3,27
3aa210981,5
75906e681,5
dd33bfef9,32
bad8d3e9f,32
69e5888fb,32
730d2b0f4,78
9090142e8,5
2476c4270,32
d7c938976,5
0aeacb28f,32
143b75258,21
6d260c2c4,5
6ef97d18a,32
42f3a0c03,21
7abf68943,21
2382c277f,21
bdf131dae,34
a13259e0d,5
52378ff5a,21
5cc793cd8,5
c9a7eae13,78
e72c5d3a9,32
e2567b48c,21
83f7c30e9,78
17118cb89,78
001e13533,5
25f594d35,32
978d9e4ce,5
c0e0640c6,78
201a74da3,32
34302ff94,32
67a3ff9db,78
a16eb5fa0,32
af8f1a4cb,78
aad6bc2bb,32
2a8131dc4,21
8d4368f5c,21
656a556b0,78
e469820b2,78
8a9b13bef,32
d81fb8241,32
99d0b77f9,78
0d4b7df42,78
805f78d97,78
f8b20dc7f,21
84b6560ee,78
eab53f47e,21
ccefc605e,5
6ad636b14,32
c90849e35,78
97a476deb,78
5db83d658,21
61486eb05,5
a5566ef23,78
329581d4d,27
c6e5bc142,21
b87e16bc0,21
bc08f60aa,78
d8437a7f7,78
6a69a6ae1,5
981396649,5
ae78a484f,21
85c2ca274,5
71d454f1c,21
f7019798c,5
2ec1937d2,21
b738a5ab0,21
5083ce580,21
931b0b249,5
f7fe0d522,21
d35565c6c,32
d970c4ffc,21
6fc119103,78
f62c0973f,32
7725cb554,78
7e8d0ab34,78
f0727012b,32
070a1abea,32
7b53e5791,21
e68152d61,5
ce5af8fc3,5
c93150ab0,78
aaab6a867,5
6bc2469f2,5
dd9cf65da,32
656851f72,5
13d3c108e,27
c6c801e09,21
34cc8d691,5
ff2e1b825,78
e93da9242,21
22b20a20f,78
46241640f,32
99b639774,5
c77e635e6,21
8b31b6453,21
0befbdd9e,5
23c567b03,21
b05b5e5ed,5
42090e3bb,32
7484473e0,78
99e7f0526,5
cffa6d1a4,5
546ea2a87,21
b811b25c9,32
1f673a775,78
bb15fd515,32
23052c6f1,78
ce1019f58,32
ba23c645d,5
cc0e98f9c,32
4fe7886e1,5
d83d3fbab,78
116dfb5a5,5
1691d45e6,32
ddfb8f27b,21
026d4082b,5
3c98993ff,32
4fdd76274,32
611876e26,5
a2fcedaf7,21
15bbc7306,32
62e32ec91,21
26cf9ecfe,5
ed8c3c3f8,21
06631da4c,32
7dc69b4eb,21
738116e15,5
b7c137651,5
24526b077,5
c4d436848,78
8e07cbf1b,21
07ccfbc89,21
7adb142c5,32
a0c7302d1,78
8d60b7464,21
1eba038ad,5
a31b18ea9,5
a7caedcb0,78
413305146,78
92673a9aa,32
0623719c0,78
8128b8af9,5
8a1f6d193,78
8a8eefe09,21
79c5126ce,21
ce6303fec,5
43e458e40,21
aa560af38,21
66f455e67,5
9ed2586ca,32
2e1a7e4a8,5
a64d32c6a,5
763b49b1c,32
a10a0b280,5
738989c7d,32
3d95467fe,5
7d04df1ca,32
b145790f2,5
9244f8d54,78
e9a2109c0,78
97808297d,32
7593bf7d9,21
337ffc67f,21
09adc5faa,78
dfceb73a0,32
1314201bc,78
99e810fa8,78
787578be9,78
974a99cd3,32
719a12da9,21
07d138d01,5
4d178a6b4,5
e5eca71e3,21
47c4e4fce,78
141ee85b9,5
903a3ee76,5
26f0c457a,21
94a7c5ed2,21
60c0ff1b2,78
3c5103dc0,5
b82ef433b,78
11db2e1d4,32
a0affbd33,32
e2e81b2c4,21
a195eb3f5,78
cfdfb9028,32
1cb630a6e,21
4e7bdb1cb,5
124b3526c,32
8ccdebad5,32
2c8f66cc6,78
440daa96f,78
ce27113a5,5
953076db7,21
49fc70cb5,78
32d710e55,78
4adcfb275,32
1a5d9c089,21
f52f85873,5
364e07591,32
ed55bdf99,5
599d64d01,32
68e8b6b9a,32
63eb884ce,5
6db9ae896,21
1ff3a322b,21
d9a466069,32
627f0996d,21
ccde3ea45,32
eb2216bf9,5
18ce23111,78
1b07b0a53,27
175e8c4fa,32
bbad1c1a8,21
d415cf45d,32
b6cb0c2b8,21
848c7cfe9,32
0f6325318,78
d16bd1260,5
03af10094,78
0cec3ad84,32
462a4b1f1,21
24bc9be2b,78
d4350350c,5
708c1099c,21
7472f2db4,78
ceb261e4c,32
f5aa796ed,21
320890eb5,78
4eac8e323,21
2da86b144,78
50c36b121,78
57b85fec4,78
92be2245d,78
7ae85e90f,5
1a0fb01d4,34
afa55360f,5
d2927e981,5
f116f4ff9,32
de4b24dec,78
6f09acc36,32
2043fd8b7,5
4f4f5f14e,21
464ee7908,78
6e3ac91be,78
f0e6a679a,78
8d3aa53aa,78
87acecd2a,32
b1845770d,5
3962a6493,5
407b393a9,32
acd745458,5
176afa321,32
8d73023b6,5
915159fd1,5
9c5095d94,21
d0e1963b1,5
74f0d70ef,78
183896a90,21
dc826db21,32
2873bf12a,32
2ceabb5ef,21
b63c59f86,78
750bae291,21
4f8a37fb9,5
29add8561,21
19c5ba9b6,32
00e3084c1,5
39dbd326c,78
d91b12e12,5
87a192226,32
81d39b116,78
e2a511303,34
9b2c62063,21
afbd78d62,78
677dcf9b6,21
bc53d427f,5
fc2f9869f,78
2118eb37b,21
c38903943,5
cd35b6b36,32
e6c5fe236,32
cee0a6466,21
5817b58d8,32
be5a25da8,21
9d3f09890,32
07f963c50,21
1c8122f7e,78
24dddb20c,21
e8475ad43,32
d64daa728,32
6e74639ff,32
706bd2088,32
06acca7ac,78
76b0d0576,78
c50ca0af5,34
887cceb1f,78
9e4eb029e,78
157924ece,21
8dc5fdc92,78
86f5cdedd,32
e4d72ce27,32
c61564271,21
6094552e3,78
c9f640a80,32
15cb0c24a,5
3f1a86245,78
1c3a7bc99,21
875d12d36,78
b20b97998,32
18abb30af,32
c652a7499,32
085b33a8f,78
529f2ee42,78
e75ba2d32,21
da98b5bac,32
22cbf6e58,21
cf3047df1,32
769f6fb8d,5
4afd6043f,78
168f633fc,32
0e6c034cd,32
6180782c6,32
9a970ddaf,32
18a0fa20c,21
7a26fec2c,78
2b1fb675f,5
6a69d191c,32
a7e869862,32
acc347bb6,5
43c7672d1,21
4dfa64964,34
48bf5c6c5,78
1b4b7b0aa,78
19b55b489,32
29bfe409f,5
eecfcfd26,78
e3bdad3bb,5
842be06bb,32
8d5b79bb4,32
408db7399,21
a6ade9e09,32
e4e3d8a4f,5
c8e30f4c4,5
bb5147a35,32
d4bf7a89e,32
d35b47e60,5
f9f196acc,21
eaf19ec05,78
aef983095,32
fe824e9b2,5
5beab41c5,32
eb0a1b58b,5
70cbc35a5,5
935518c47,78
5112d23be,32
ea95803b6,21
69c31f86a,78
420e4c39d,32
b9a264608,78
ead4c9659,32
95eaa8650,78
ee3c66211,32
3714d19b7,5
151d03177,78
8e9cb9e5f,21
5d4811c9b,32
8bf87e69c,21
07b1b8c87,5
74f1c073c,5
b96651b6a,32
805888e57,32
fe30ebb03,32
21ca80954,32
486d538e1,32
902b5770f,21
f5e86abe9,32
090a1154e,78
14ffc1505,21
3653292ac,32
07b9edd52,21
4ff54212e,5
9c3ca26e9,78
edca7ed7e,34
863e8afa4,32
6b8d9d74d,21
f7ec97ce1,21
2c061c902,32
caff65f31,21
979be015f,5
f7890fb5d,34
2ca0a45cd,32
646e258ec,32
1bbceba89,78
698676b2c,34
433c9564f,5
d1e91d28a,5
8fe3eca19,32
c4c9b5dc4,21
c62460407,21
c92684487,78
96df0c6bc,5
056767c8c,21
4591d2725,21
50c9fd635,78
4dfea8574,32
fc8428025,78
394eed0ec,78
6abab3d7d,78
3a1d5b5db,32
2cfc6468e,21
c5c1962bb,5
98cb45c72,78
ebd098414,23
4a3bed1ab,32
018353f1c,5
2c7a32907,5
547e41140,78
07a4b0444,21
1e59b9929,21
f8b87bb44,5
4479a460c,5
ee3c0e393,32
69f5b082c,78
eedc4e2f1,5
993b3757b,78
4c8e7b1f5,21
a666bcc36,32
e5540e0f5,32
f4684cdeb,78
874df1738,5
2482d97e4,32
7ca677dde,21
95eb4c83a,32
832b85df9,32
17625283c,21
f735fb308,32
42acf797c,5
c3ddcd12d,5
f51e1baf9,5
4a1d07383,78
689eb9f68,5
b020fbff9,78
57d893ed7,5
cc256396d,21
a829407c3,98
c20b4c81f,78
47f8f7372,78
6387659fd,5
9d9605a15,32
e59f4958d,5
30ecc23d5,32
a78af18b7,32
da176437c,5
32a1d9f65,34
b845a0f00,5
abc1d37b6,78
b0f5721ca,32
1b4edfea8,78
754eab3b5,5
1e8c44cbe,21
5fab0c048,5
1dae04aa5,78
9e99e1332,5
62a682a26,21
7f4520e95,78
25e5d12e0,32
c37a6f3e9,21
00e4f514e,78
630ba700c,5
6fd484575,78
22149c3fd,32
c3194a1e8,78
07c0d22bb,34
b7b3939ca,21
b4663783a,32
9a4cb2829,32
4acd9d511,78
cc0db3719,32
6066bf3b3,32
66e6f6938,5
584b3a955,32
f028e8401,78
94d32655a,78
04c9322f3,32
c8bec0f66,32
3341a6efb,78
7acc72b45,21
19e239913,5
8d8f3ee47,5
5954973f3,32
33a504d5d,5
d31f5a836,32
06291a920,32
84b7495d6,78
3231f45f3,21
4c0a72203,85
7a7fefad9,5
d2b091c3b,32
2a0dc41cd,5
8e412c7e5,78
9f6708c0b,5
a69c80256,5
4b4291637,78
2b313ee7c,32
3b89f294f,5
344a190fa,32
32aa8548d,21
77f6880d2,32
7c30e1a81,5
e5b0c4faf,78
9b1b30062,32
052d2dde2,32
246798d36,21
524961d31,32
9679190dd,34
b2b7e722d,32
eea83069a,78
f83e299b4,32
f7f45e1d2,34
bbaef0141,32
1932af102,5
01555bed7,78
8a566296b,5
b1296679d,5
234f9781c,78
2a0404164,32
f4c6d5b0d,5
f0f03b04d,78
009b39e15,5
4c4caa583,21
c3b24720b,21
39ceb1ff2,5
b4aa13520,78
146463828,21
72337a91e,5
99be4bfbc,32
94cf9944d,32
c0f55d16e,21
3e0dee547,32
d6694bd34,5
72c2a5cb0,32
0db15a736,32
ad34c1f34,5
60711fbc1,5
5633f1101,78
68f48e5f5,21
5da2bfc47,5
8a89d3315,5
e14129a0d,5
5a2fb5300,21
b94381f7b,21
d9004decd,78
8a7b93f64,5
46002f8b4,78
02040055f,5
61da47774,21
b5860475f,21
94693762f,78
3b197ec5c,32
15c5a0a46,78
01337a0cf,5
ed8f1770c,78
e95f725f6,21
ef761a150,32
b1d61c023,32
4bf7df629,32
cf1ad8706,78
67ec88f39,21
e44a6c4d1,5
8d8da7a3e,78
e1b63aee0,32
0401b69cc,32
fbbd35173,78
0c8b4c597,21
178290233,21
bfd66b238,78
a8a7882c3,78
22324cd72,78
08271595e,21
7077a94ce,32
b14b95e77,21
220b46a44,32
eefdd0431,78
9843c53a6,5
061e6510e,32
04a9517b0,78
a7d9f1cdf,34
7e512d140,32
9935f0510,5
c34f2139f,78
4a2dd1c8f,5
b8e0b2ee2,78
683ad13b4,32
0bfb74564,5
333b45bf1,21
8cf4b952c,5
7e3809573,78
b15603bdf,5
9d9654afd,32
4b781211f,5
ee652c6dc,78
1b0d7769d,32
9643a628b,32
dc7a50dab,78
ebc4dfd8f,5
ee559b5b0,78
5f813832d,32
698eea745,78
2a0eb44d2,21
4171d3272,5
07b2fe99c,78
dfc4c6de0,21
c293ccc31,21
e2480f460,5
54cebd37f,32
d1b715fc8,5
23a1a3753,5
78be4d100,21
de847e487,5
f2702f681,32
e576b00a5,32
08263abdb,5
71ee25b79,32
5892ebde8,32
ab0af1000,32
8f01b1034,34
cd15074d2,32
0c705e746,21
e730f38fa,5
ade6312b1,32
eb5ed44cb,5
50f72bf43,32
3bccc9014,5
4bf799dba,78
bb0b0e551,5
fe0e1d7c2,78
fe6991e3d,78
71525c500,32
4b7b43b7a,78
58ff9dbee,21
1aa8492a8,32
27ba808dd,21
b39cc3832,32
a5c3359e5,5
450d37a38,5
548a35991,32
de261e169,5
eda07476f,5
1baa33eaf,5
0d3269c35,5
a6db0754e,21
36a638215,32
11300f71f,78
5bcf739c3,34
13166036e,21
e1a0d5f24,34
eeeb6b66a,5
6afc9ee54,32
4dbc5fc3c,32
a16bdddf1,78
46290bd98,21
c07cac3dd,5
092187ff7,32
dde25205a,32
75ef86e19,32
20aea9077,5
9d8d14332,5
54c0482ce,78
3a29db605,78
73d138dbe,21
27391414f,32
54f09b0b4,21
9e4d41ad4,21
0315a723c,21
50fcaf0ed,32
6f03f9497,78
7eaff7aff,21
be3873f5d,32
8b15247f7,5
2f460d807,21
7b151e3d1,78
bbf51ba25,78
25faa6813,32
1eb8876a9,21
e210dc4ed,5
5078ff4b8,78
f56efef52,5
bcde05c42,5
43975ba66,32
ddd367d19,32
d69c942d9,32
f36c00407,32
092be0405,5
d51f2e142,5
98077910f,32
abcdf9705,5
23620cfdf,32
d1b0f75fc,21
1446df348,5
50f97c747,32
4ed9720ea,21
b8e1080ce,5
3127f8637,32
77f19a3b9,27
345b6fc68,5
a9a93e3a0,21
20079ffd6,21
8d729fb61,32
7fc99345f,5
fb745f800,21
05bd91dd4,32
16e29883d,32
d3ccdf536,21
192bbbbda,21
4e43a75b1,21
a114ff305,78
ea72034f5,21
c38884c9c,78
c86b6ee78,21
2afecec3c,5
4f02105f5,21
297d94118,5
352d983b1,32
cb05fa534,21
fee2ad37f,21
39a628cff,5
ab473d0fb,21
1ef078208,21
dce29c03a,5
aa063d915,78
39902d722,5
75bb87271,5
c571990d4,21
c6baa2b95,5
76c56dda7,32
b466a17e8,78
149d11de6,32
828abe04c,32
138275e36,32
d18ee118e,5
6a22f0ccf,21
a9a679316,5
9b8caede3,78
742ca771a,5
564305f6f,32
d77fa0d2f,78
c337a455d,21
75d3452c1,5
084527620,21
3b8fc5371,32
e178e1fbb,21
24261e7f3,32
504495975,32
7bba13923,21
6c80cfb8c,32
791899b46,78
aab3a2289,78
6841f21d2,32
557117401,78
ec53bc088,78
3daf5597b,13
999be9923,21
ca53ebc3c,21
bcb73b724,32
87fde6edd,78
24032b382,78
bda7820cb,21
eaddf667a,32
ca8726968,34
d9af9a571,32
bcd08a7dc,21
fdf659ef5,21
a5ae66568,78
a939e29d9,78
49add67af,78
df16e4771,32
8a18b9699,5
a078d515d,78
b764d3dd7,32
2c8530a58,34
9dbd813fd,78
e27e698bf,32
f4fee0e27,5
ec51d8607,32
8eb564814,23
3b2fe5739,21
ce934c0dc,21
c16bd5262,5
53f3609ad,32
600da56b9,21
f247862ee,32
532e6c637,21
f9b3f2991,32
b2d3bbf61,32
5954098e3,78
8098272f9,21
8261e8f5b,32
49f98b25a,5
e2e8f7c06,5
a155b0167,5
cb3bdf3e7,34
ff5fdbd84,32
8ab8cb727,21
330cc9d05,32
31750199b,5
b59846a6c,21
1f21ecd18,5
500cf0ed3,32
58dbde095,32
a7bb097c3,32
2ee9ba725,5
522ea009b,21
ab254cf0a,78
c3bf03c46,34
ddaef039b,5
7db900a9f,78
7d540187a,32
51d6b9846,32
1d24f052a,34
8c0e403af,5
a670f0c43,5
da0fc52e5,21
7e517b238,5
3758eaf1d,32
4d05e9395,5
9fe09edeb,32
7683668d8,78
f83823a7e,5
6896dbe36,5
f16b7e08b,32
5153e1522,21
f3e1244ca,5
66d3a82e2,32
a4841f6e7,21
15ef197c6,32
0e3a60b3f,78
5c6e09f5b,32
bca2de14e,78
c17b6ab8f,32
bba2d82cc,78
27dc84ff6,21
02eea69ff,21
f3300dab1,21
909ea73fd,78
8d4c9f88e,21
a7c42fdb2,21
c67858398,32
92c7c2838,34
182c9e6ef,5
d32d6ccd9,78
5d58d5dfe,32
47134493d,32
b2982bed5,32
7dab12862,5
7864cabe3,21
a893581c4,32
03a46c116,32
9c0cad204,78
8ccadcb08,32
501e378f3,21
5453d7402,32
ccb9b5cc7,32
c5b5ecb0d,21
2b08a162a,5
762c5e25b,78
d49030919,32
2b9959134,78
20dbff58b,5
0698ae8e2,78
2f230552c,32
72589c9b2,21
7ad932a97,21
35b896087,32
341538182,21
0bb20e5d8,34
2f75192e2,32
df76ddfcc,21
4fb19aefd,78
059ee98dd,78
8b0aa3f7a,78
34f820893,5
c425cd871,32
abf65b6e6,78
85f3749ca,32
1bf635fcd,32
23a39f766,78
f38eac7db,32
08d076fb7,78
cda807af3,32
03536aa93,32
34d736b06,78
8e6d1a140,78
ada310267,21
ea16b16c6,78
8ed239a08,32
f468cfed1,5
1f750d4e6,21
1a5e9517f,78
a63f52d9e,78
6318d6cfc,32
6f88cabe1,5
6b3b8d49b,5
d9924befc,78
b07bb0c22,78
9a1e64ece,5
9ebc88cdc,21
99caeeea3,32
ae8e8b50a,78
8f8ba278f,78
bb88f386b,32
630d3e7b9,21
9e46889f9,32
4165e5bec,5
9677be74b,21
0354bcfbb,32
2c0fac807,78
209b4da16,5
19d5edc51,32
85e1dd858,21
9a2fe7b99,78
157be3bb4,32
f4c3dcb09,21
cc99ce5cc,21
bc707c021,21
10acd2f2c,78
b8fbf9eca,21
ce6b9b704,32
012e26395,5
367f31c9f,78
9e006b3d6,21
10c508f77,5
1e8175d27,78
60e8a1d83,5
56317c242,78
f553000bb,78
5f3773437,21
39df767ca,5
645e6c963,5
b5a739d1d,78
afc49f312,34
260517e44,32
af51f29c8,78
6601f2903,32
88e754f35,5
0abb8d338,5
1c63f50d1,78
cdb8be610,32
fcb500296,78
8ba970109,5
b3c636639,32
f5d022470,5
c5d9914cb,78
707760045,32
44fc90316,21
dfbb8c112,78
ec33a58aa,98
f2db90ee7,21
85bde49f1,5
7163520df,78
9040a1e5f,21
4dc902039,32
5fc2cecce,78
04d9215b3,5
6da191d02,34
95b5120db,5
abf89f144,78
ecf751fe5,5
7263dccaf,21
a91e7f455,34
9290d73a1,21
78ccf47e4,78
bd6ee4ac7,98
0fccb02fa,78
0aa405eec,78
2a459a0aa,5
322b5e989,78
dd0839e53,32
f55caa50e,32
8904c358d,21
7405dd1d5,32
50ff8f2d0,5
cd6fb957b,5
db86084d1,5
0dc26fe1b,98
da9de3c05,5
b299b2022,78
288feaf8f,21
d4c0f8a5a,21
7d2140905,78
73633e6bf,32
786172ac6,78
ffb840ebc,32
f16b615a7,5
8ec1ab770,32
2bc4dc850,78
fa7866999,21
97ddeaac9,21
52dc12639,5
27f69132b,78
3ae3126c9,32
65b44f1fd,21
8a5353b56,78
760d22629,5
4191e9966,32
49f2b41a5,32
576f07382,21
b71543e42,78
a67769dd9,5
60a40c037,78
56a33cbaa,5
498d46ee2,78
de8795ddd,98
666f4d363,5
fb7d17d79,21
353d4bd0e,32
9ea847197,78
7d5d89bf4,78
76809aa23,32
f67596886,32
ee2fd195b,32
e267693a6,5
15c1eb33a,5
0119427db,32
8515fa3ea,78
f6c766f77,5
e9fc9a217,32
73acd2065,21
64e5e148e,21
ca2f4b9ce,32
11f448738,78
096df77da,21
39236fa60,21
6ebd051c0,34
dbed4d8d3,21
a6732ac2e,5
25b1a1971,78
4ce386ab0,78
114d128ca,5
ac28e9c47,21
46f84af18,32
c19d02d04,78
dd331079f,5
31a7d4530,5
0240a9430,5
440128919,32
1557e4b6e,23
532160a43,5
fb7984b64,78
35c39adf1,5
30b7ec090,32
2d3c0a80b,5
31a00d007,32
49b354ce4,32
de23c5486,32
92d8c290d,32
3d814b28f,5
1327f9bd0,21
2a99b0118,32
ac1c8b1a1,32
dabb82074,78
fc6fa6753,98
4e19a3a2f,78
09c8ebae3,78
a36120551,27
dde8d3397,78
b688ee356,32
7b46c52c3,5
4156a2861,21
92cf1594a,78
3d44a717d,34
564564fa1,5
54a9c9512,21
1c946e0a0,78
6821046ee,78
8fdb0b741,21
e291c8794,78
78c02c2f5,78
d92a98c89,32
3c5f0c3b4,21
6395b130e,21
2655440a4,32
1ee86a298,5
62e5874bf,78
a3500e94e,78
755794886,32
411394fae,32
17d0be640,32
ebc612beb,78
b9811a813,32
4e4c57892,32
ea072301c,78
ce97c8026,32
1f00c0495,5
616bbeb90,32
f337de2b3,5
4b49bfc87,21
1a6b89e31,32
6df282095,32
1c08a7736,78
f38c7346b,78
b765dfa87,5
1971e15b7,21
def4dc802,21
eb6dbc774,21
241a96f41,32
0a98a2179,21
41af5743a,5
275fa220b,32
8848222b2,78
8716d5221,78
c21cd70d4,21
1fed3b30e,78
1fe1e5c34,5
d06adb15c,5
df23921b2,78
af8f3cceb,5
0d69ec15a,78
f822afd0d,21
6d7ff30b8,32
f56f35811,78
8d44b6bfe,78
3dbd32e8f,78
85c40deca,32
b3cc561cf,78
1ffdf0d9b,98
fbceab432,32
c52257cf9,78
19248ab83,5
a794b05cd,32
40cec32ac,78
35f0035c1,21
64088707b,5
f7696fbde,5
f9c5a4820,32
897a2400b,32
7c734cbb4,5
e8cb185dd,32
d2e838de1,32
ea915b13b,5
a67e861a6,21
ddd24583b,21
285ff0263,78
849e05914,78
6f81b250e,21
8ef4a7754,78
7f0c3fad6,5
95e7165a3,21
3fd719b67,78
2ee5a9066,21
9b49af313,78
a497a8c2c,27
b8c5eeb8b,32
58a2ab14d,21
c49f75868,78
97d3f3707,78
a86983a99,34
33b9d73b8,5
ada4b9362,5
f0e91b85a,32
718f47a1b,78
ef799e46d,5
43428f900,32
671c7b595,32
a5c902dab,32
563a8d7df,32
fea3b6b40,32
257de6c9a,34
bcc60f666,32
f05894941,5
c393d0e16,78
2b4be937e,32
8d8c840c4,78
736b7b278,21
0fcde961f,5
2542212f7,5
67cc6b5ab,32
06d517e80,21
26417279a,78
f247352ee,78
904bafc6c,32
a4e32e242,5
597bcc032,32
6a414bfdc,21
a1bd64c5b,5
a405112f8,5
91610e157,21
5b229190a,5
cbf0f9495,21
28aef7cc5,32
2a914ceb8,32
c68758b00,5
aa1db9aef,78
b57325fc7,21
0021f0d33,32
9e3ca10fb,34
fcb1d086a,5
d710d0940,5
846099053,21
b77626f46,27
3912b7506,78
ac184d84a,78
e7870e8a8,78
202b90ad1,21
f69a85264,34
36568fe64,78
4bef06f11,32
f1ccc8566,78
eeb2d5691,21
0664c88a1,21
4751e93ad,5
e914d195f,5
023520fc4,21
f638bd582,78
e3069605c,21
dd6301145,5
fb3530a46,21
65ce506a1,32
1aeda3f6e,32
6bf4a58b1,32
a2d6fcb7b,78
166c6bbf7,78
97de1dee0,78
b82ecce8e,32
4289422a5,98
79901d55e,21
f4feeb150,78
9b9381ad6,23
6b4fd7e01,78
d6503fc7a,21
4779122c2,78
745cf5ce0,21
3333af434,5
edf6883b2,21
fe40a3dae,5
cfebc1eb9,32
eaaeacd1c,5
9b9dcd9c2,78
9ba7dcc7a,5
6144fcc9c,32
b1de2b162,32
bc4b01a52,27
3ff1824db,21
1ed9fc0aa,5
653dc3b58,78
8f4e1b979,5
061e3b226,21
9dec6e6da,78
ce6f860f1,5
23cce6771,78
e181cdda9,21
6129c13a7,5
69ed9d7a3,32
7cb805a4b,32
db4859b98,78
a7464ddab,5
f2d9b993d,21
3ef916a55,21
ad06e1507,32
9ff26d18b,21
5edeca301,78
e7f0f1e63,5
caf89a8f1,78
0ec158f7a,78
ccdbfbc8c,78
60b3c1ec6,32
f4ac8bd6c,21
3081eb3d7,32
3edd04c83,5
b067fabd8,21
089c2739f,34
f34e6c4db,21
6dc57d8b3,78
f1e71c574,78
a76407bf8,5
2af766509,21
39327a0dd,32
40eda589a,32
061988edc,5
03c4126b4,21
3ad81fa96,32
87f6a1325,5
6461cf7f3,32
b0d928a20,21
92b24e585,78
9da5c57ef,78
6b5cf2a71,34
f880b1d01,5
63d72a8b5,21
e9928cf8f,78
170517f38,21
e9e0698f5,78
cf8ee02e6,5
b30719c82,32
b6559ddf2,32
dc4338093,5
b167313d0,21
3599e2fbf,78
72848173f,78
2083b8669,21
916e18133,78
2b5c4fa01,78
121fc6463,21
ad27e607b,78
0cbc27679,5
eac0fd0b9,32
ee6340fc0,32
f6f821392,32
72033968b,21
1777595a2,21
f424ad351,32
8fc8f357e,32
8d94bd8b9,78
5528db727,5
490efc553,78
f6e9739ff,5
e9d6bf3cb,5
f59c3ad7f,21
c0edbe84c,5
da1b9b717,32
d4a2a2f29,32
8996126cf,78
4c0f2c1ad,5
a1c8de469,5
56a71117b,21
d1ae6b983,78
6759ac31a,21
19f18eb63,5
7b506b5bd,5
7f7b2c732,5
f2a35c7cd,32
91398b8af,21
07b1b52f5,32
fdf61c313,21
d0a654445,21
e11a7a42f,78
ac1af6f95,78
ab905cacc,78
9a879fb6d,5
f7107a3a4,5
d7c723881,78
38a3caf8b,78
7605a3733,78
ca050faf8,56
c210cba33,5
9ed125a83,78
14a804b2f,32
36d4c70b5,32
47830a2a1,78
052f7e154,32
6e16e769d,5
6f238770e,5
73d04b4a0,21
a18ae9e89,32
f85c3cd52,78
85f511409,21
5f2c16024,21
de9010824,21
4028851f0,5
02d846418,32
89f3b6297,21
e68ff576e,21
e810fbb6b,78
29f4ab45c,32
2b47bed50,32
3daea4675,32
8965a61bc,78
5ec08d254,5
f5a7cbd09,32
c54530ff1,78
68d5dc3c5,32
c44d85f2f,21
5ca912390,32
7dcc4ff7e,21
52dd86f38,5
40a956d5b,21
881336587,78
91212615a,78
6021f47e4,5
cf787b891,34
97dbf9d67,32
581ead9fe,78
7d1005a2c,32
8c5e0c760,32
7f5479556,21
d7a9e0691,32
e955870c5,5
1da642ca9,21
3b7c11d3e,21
40ff0c11f,78
9cb5c3012,78
59d1b6146,34
8d808a07b,98
48c96bd6b,5
c2c5a8cc9,32
7b437ba4e,21
550290aaa,32
1b7aef8e8,21
45a842008,5
d6143b4d4,5
acf17fceb,32
2f90dff16,5
91b8321dd,5
8e7173502,21
84fc77fbd,21
ae62dc8b0,78
c2d849108,5
a29fae12a,32
116b7f1b1,21
5eabca233,78
37090107a,5
9950111eb,21
2d0752813,78
e7292df85,32
ca82d5eb3,32
e345afe29,5
997575057,5
48f82311a,32
b784d7a07,21
774e6e2a9,32
03091fb7a,78
3da7e8585,32
a2aa2199a,21
2d3ea8986,32
5c2b3adde,5
e5f6dbca4,32
0fc91f469,32
083ee0c99,32
c8aa236c5,5
49ebce8a6,21
5f0542bfc,32
6aaaa29e5,32
1d149bccd,21
01c633ff1,78
0ac2378b9,21
23253eaed,5
cf95485eb,5
eb64f3c3f,5
46ccb6bd3,32
b2a655d89,5
ec09668c7,21
c0a83f8bf,21
d09afd3b0,78
1f2eca93a,32
7302be7da,98
2b5f79660,21
10dee0305,5
1a2e45581,78
2a7c1dbf3,32
eda20ddee,21
8df7f4638,32
2618facbd,32
0124e277f,78
7530384bf,32
dc370d0dd,5
14ea3ffb9,5
ce5f6dcef,5
c4c802142,78
c144ae440,32
26b8d61ab,78
f8221646b,32
3dee899f2,5
2e3fc37e5,21
3085e18eb,78
4f037af7f,78
c67446d52,5
358e5478e,21
5b313549c,78
744730d4a,21
6182a0538,78
1c1daa6da,5
0ec8c4296,32
68caf79b9,32
f0b002c23,21
29bd0c56d,78
6fcd677ac,32
81aae2d9e,21
007d156b7,78
a9b1f63d0,21
fb4b0daa2,21
218676c6c,78
d97675b32,21
cb297624d,32
dc2cac36b,32
ed219c7f8,21
0d5f19588,5
7271d34ab,5
084919197,21
408fc944b,5
3b39970a2,5
3271ed094,5
c71b3e27d,32
fd2bd5f1e,32
9c54f2285,32
ea8dfdeb3,21
854ca7f47,32
fab2df372,21
87b9d4bb4,32
07ce81250,5
5bc1ab931,27
99c05f8d5,78
8e612d36a,32
2ad78f9c2,5
37997c432,78
4565dbe4c,5
6f2bccdac,5
91b98c869,21
b25179fca,21
31dae2136,21
308dc8750,5
60ba7e522,98
f437c8815,21
95a6fdac6,78
48490759b,32
45e6036ff,98
96f729725,5
101970f4e,5
f97785498,78
ab99925c9,21
fe737e3b1,34
2184fa6f2,78
7bc968caf,32
9a2fc15d3,78
00f9d0e97,5
71a787fb9,32
ca9f22cc1,5
a2f66236c,5
5940f63c4,21
c615baaa2,5
7f7c6d039,21
ac7c6ce37,32
adca067b9,5
664e5c977,78
0df8316cc,32
c1c4b2105,21
5a0aa798c,5
60c40b083,78
f616c93fb,32
d9111ad4b,21
d90cad151,21
1d8f28be5,21
d9a8f22b3,78
68b41d014,21
bf679c82f,32
c9e27d0e3,78
cdedc9d47,34
75eca83b3,21
40ebc99bd,32
f0efb6c04,27
8c434769b,21
654ee7e46,5
8507d1b5e,32
4c4c216fb,21
26c144947,78
e7571886a,21
5de25f69a,78
d814f470b,34
ca1cef6bb,32
4ac812558,78
ecf4c1f5a,32
6c269a2b9,32
7a5dfb158,5
00856dfa9,5
6c9aa2460,32
f0a66df4c,32
0cea1df9c,78
3987e3d8c,78
377c89e04,21
a6e627c10,21
9ba782fba,5
967c6bf80,21
4dde25dfa,5
73f18defc,78
89f46bec2,5
7b566ed00,21
4078e0b39,21
9e9f2f914,32
4948e3ecd,5
d16d34784,32
b33fe8ed7,32
9732ad4dc,21
6cbca5559,78
3cbacf373,32
1b54ef9a0,21
bbc846996,5
f2809517f,78
4b4d2a0b9,5
65d14bd99,78
9faca65ce,78
7be2867e1,21
2b7cf3253,21
ae6e725ee,5
648d6e1c9,78
3b59b7879,32
65d4e9994,78
0510cce3f,78
6ab2a7198,34
eb09ff6cb,78
55b323b0c,32
da2d31c98,32
4dfdf7a8c,5
b137658ab,32
0f25f79f8,32
2cf137648,32
4a5d43a96,21
0d7c08885,78
0087eeefc,34
f3a75828c,5
c1ed4ef6e,21
ed91bd814,21
ed601a04f,32
7a6ba7fc8,78
a68584f39,32
5b646246a,78
298cf5bb5,78
fe75697b0,21
dc0f9b59d,78
a7eb19305,32
9caf3507d,21
20563ebbc,21
7b7cce651,78
9c1fca4fe,21
35aa8898b,32
0a825b67a,21
f40dffb83,21
cac4474ff,78
edc3e9332,78
30d9b6204,32
74c97189e,32
cb4330abd,21
6baede1f3,78
2acaabdf6,32
6f50f7647,32
d0bd30dd2,5
dfd66382a,5
8a904fdea,5
39090147b,5
8eff39ec2,21
39c56af7c,5
f68529efb,78
a6105941f,78
74cb419cb,21
35faa30eb,5
d5e4303b9,5
ca875ed6d,32
165ca8a81,5
74c86dc94,21
467a87b6e,21
aa6a116bf,78
e15365337,5
0de5f6578,32
6d75535dd,32
5aeca7ba2,34
1ac744f9f,78
c511b01f1,34
b41fe0aae,5
d2dc27a1c,5
40c67cca4,32
c16dd6692,78
0f58c281a,5
c36b30d62,78
48b580700,32
a8c934e35,5
b1fd7a2a2,5
c39bb3b9f,32
0fd1b5059,21
8f029f975,32
3088361cd,78
6aa4095a3,34
1749a6a95,32
6201345ad,78
dd7f0f72d,78
b4f324422,32
e0f242a92,32
2e36d4f93,5
e9a190503,21
0f340c3cf,5
c2a78ef27,32
ce7f9e0a0,78
832bbc430,21
ba9e2d304,78
501396f2e,27
b4eb26098,21
79bf0f076,78
23b33fd15,21
1c8c53577,32
aeb2bab6c,78
0210ba20b,78
9eea9316b,78
5ff71b40e,78
7c1a6e1f0,78
f458034d1,34
7775f87f5,5
973cdaffe,21
ab8add1c1,78
cfe74bfdf,5
7d7b3950b,23
49f2ca2d6,21
ac114952e,5
a77db045e,32
455c7b67d,5
4f756f230,5
d8ca58a4c,5
ff02d53d8,5
2a98afbbb,78
8b2940362,21
5b69d3121,5
7d5a95675,5
c323bee87,21
6143c21f2,5
c18fddc3d,32
d34ac237a,5
ee705e49b,21
3ca06eba6,21
7bed881d2,32
df4ae0415,78
c9dcff9ef,21
8253629c8,78
657a4ea19,32
d8136729e,78
8a428ab24,5
d779dbe77,32
23ee9f44b,5
a6ff6f81a,34
266776fdd,21
d0989eec5,32
89e7620ff,78
af6ccfeca,78
3a49d5a25,5
517ed388b,21
25a24e8b6,78
8e07336d7,5
1474acef0,21
53cc94634,78
2080c5234,5
656c8e1a0,32
f4db33d12,78
600693e8f,32
39f2c9f4a,32
18b1c8787,32
f6f80e6cd,5
7af25ae57,21
0d5832dd0,5
a9eaae137,32
696a13525,21
c548502c7,5
232ad11f4,32
4415b68f2,5
16f9971d1,78
ce434f86b,78
8fc000b1f,21
b2662c86e,78
6cf44ae8e,5
ddc1eacff,21
f8db20c1f,5
83bb94c90,21
aa4f36f71,78
015a601e3,13
54296cd42,5
4cf4ac658,78
ee41c42cc,32
3a9ac1cd1,5
551f3af3f,78
9f5dfd81d,5
a673ada99,32
6016dd857,78
6aefb94a6,78
6896b5c5a,5
99263d818,5
b6203cd3a,32
efe50806b,32
143e26686,78
9d77e8b46,78
fd33b68d1,32
57fb229ad,5
22bca0aa8,5
8872018f5,32
d539aadae,32
7f8e636bd,5
ad153ca7d,21
bf711d50c,5
7182235fe,78
db49060ae,21
6fb943b8a,78
5aab08428,32
c61f34131,78
07184caac,21
c95269a6c,32
694b396d4,21
e43587721,21
c987ff810,32
053198ea7,32
01ce7d2df,32
5a330e7b3,78
37525f380,21
5622bbc0c,78
304631d59,32
009216487,21
61fab76c9,78
346d6fc1c,5
bda439192,5
2669b2dde,85
4ba73aa49,21
11bc7f078,32
85312fab3,21
46d095eda,32
e696c6605,21
c964a7aa9,78
2f1f2d1d0,21
7db868b36,5
dc405fd04,78
92da88798,32
8fd2c007f,21
1ac65f43b,5
817ab4ca5,5
924218498,32
ad62f8d41,32
beb9f80e6,21
8664c38e5,21
bd4f8c863,5
a12ed8ec5,32
ba49d2dda,78
d1292ab63,78
8e92c9811,21
f2419f856,78
6aa485643,21
ed0b0e088,78
4ffc57a98,78
d829aea86,21
e2c4e9c91,32
2bf04d18b,32
934072bf5,78
aa6a6c73d,21
08bee6dbf,21
3665f35e2,78
d5400cc1e,5
02378eeef,5
ce824d546,21
537f040bd,32
c1f89f237,21
640bd467f,32
5f4162c42,21
8f2f9d451,5
e8226fb9c,32
07f10b39f,21
7edbf1ca8,5
0721c0bc0,32
9a9255c3d,21
e9483b3b2,5
1c88f1550,78
db04d5ac6,21
9617ba69c,27
9fc9b533d,78
c010973b8,5
bea291a1b,32
46017b3ea,5
88d492231,5
d14901985,32
f99cc22d6,5
5eb03fbd3,78
019df649f,32
57ff5b255,21
7fcbcdc02,78
abe2e74a6,78
f9acd27a7,32
ef21b581b,32
e6223db31,78
fa434878b,21
9be084d41,21
74bcea93f,21
077e33f0c,5
33aacd395,21
233db9b4b,5
adadd8f7c,78
fc836e711,21
3f3280fd7,21
b631d859f,21
536be8fe7,78
70498b302,76
1f65738b8,78
3d199ab7c,5
afe70f1d8,78
9b353319d,78
72d528c13,21
a9c9495ff,5
8918114fb,78
55e0035e3,34
56a02070d,5
c8c7e71fb,5
630773b7f,78
b605cac2f,5
057d2b6d4,5
cdbac498f,21
9174ed35c,5
b91c00f4b,78
9efbbd641,32
9aa3662af,78
330ca12c5,5
74ee51f2f,32
498de5a90,78
cea4d818e,34
3dff55658,21
284bb203a,78
805d8722f,32
0251a7082,32
29f49cd83,21
b382faa85,78
b84a40e10,21
0b75f1f48,78
3cf28a050,34
8c7a3ac06,32
2c9e28482,5
226a4258e,5
923e37397,21
2013e7b99,78
d78b3b629,78
13452bf5e,5
bfe43d44a,78
d4f431dda,21
854453303,78
9a9c151f2,21
a41d29902,21
6c1a05ed1,78
0d48d68af,5
4cc87897b,5
0e538051c,32
ccf5f3de8,78
856717f8b,32
9f69713aa,32
121fbeff6,21
7a011cb30,32
064d949d6,21
25691eb59,78
bf195e5c1,5
9b8345ded,32
9d96a6d82,78
aa9279a0d,32
42cc20908,78
3ceb3dfc0,5
8b7a73f76,21
662f45b2d,32
1134b4a4b,78
06c56276e,32
e21d2982a,78
a599e44b9,21
14519334a,5
184b78ad0,78
5287898d3,32
ae9a70845,78
f1f288bd8,5
eaeacfabd,78
4a6513e63,78
73749e7e2,21
3a44b1b54,32
cc3b595bc,32
f90f6d589,32
57d3813ab,32
e9cf75605,21
6e93d8d18,78
30df475fe,34
1037cd266,21
ff37e4d13,32
491a37339,78
f229ebf45,5
80ec46d31,78
53d90c2cf,78
40fe28512,5
20be2b5b5,5
6ecd0b17f,32
64c056f47,21
fc7362a16,32
ef40d788a,21
1461713ad,21
b260d939d,78
e394b0931,32
8e90cbc5e,5
058cebd78,78
a2b22b6cf,5
40233a112,5
18c42b6b8,32
3b0daf5b9,32
67b0d01ea,5
1fb1edaca,32
9989acdc6,78
e1da2a9a7,21
6a8de3c09,21
6463c47d1,78
8fb591dd9,21
fd33eec2e,78
301315f25,21
68a81ce4f,21
71149a63d,78
841a4bd7b,27
a0301d0e5,21
cf1fb187a,21
d495d29df,78
6025abd59,21
405bb5363,32
a2b4482dc,5
515ccfe7d,32
464b3976a,21
57b90f0d7,21
e0a576d7f,78
5c9aadf3b,5
35b66a46d,21
bdbec7ef5,78
3be948614,78
be75bee29,21
f6e02f90d,21
f9096c83a,5
d1a2458d7,21
21191d2da,21
66df2d548,21
0dce2cb5c,21
2dc55fb57,5
a29695033,78
a62dba9de,32
8fa62ef13,5
26ee00728,78
6d0419afe,32
e6e68b7da,34
fac66356f,32
6b3c00c84,21
b74047d71,21
147d79f8a,21
49c1a8313,5
64dba18d7,5
5608c05be,32
11cd8f57a,21
465605e5b,27
be75d9856,78
9bb756baf,5
0bdbc4859,21
232a50a3a,32
56697962e,32
52c27c7e0,32
fd25ed5d2,78
12b630964,78
47611c7b0,78
1151a0d22,78
daa767533,5
84412137d,78
6a6689958,78
145628804,5
683e58330,32
f6dfa3eaa,78
118a60f12,78
8d0b21b05,32
f39ff7ba2,32
a0ebf07d0,5
a8338c626,78
6386c2d78,32
dbb2bf69b,32
d17630e6e,34
1cdfd8172,78
d1edcd33e,34
f21ab1aa2,32
a19239dbe,32
99f271a51,21
6a1072588,5
fb93c4c46,78
ca256fab6,32
67556ec2a,78
967f27ca5,5
1d762bf2b,32
911ecfaec,32
505472dd2,32
0be920d76,32
bfdd4162d,21
e82201f68,5
8faa5deef,5
bdb951b2e,21
07b2feecb,32
af511f5d0,5
08770c1d1,27
77aa8505f,78
676bac625,21
6569b16eb,32
68596af51,32
4efdca978,21
cfe6b80bf,21
fec748ff7,21
2b3d7a7da,78
eb83e32a8,78
9a3fa2c38,5
563ee45dc,5
bd8830a6d,5
fbfb8db0b,32
7cd4cc27f,21
e8bf3b5ec,5
837a91c2e,32
8e8259669,32
bead374cb,5
8a4c6a3e0,78
2f4a6e151,5
a1dfe6e17,32
a564e4f51,32
39e2183ff,21
8a6ff36a7,5
4232febfa,13
52189b48a,32
278e6c9fc,21
ebf692344,5
51eb14267,32
bb4688502,34
92d062d8d,5
9cf28dce1,5
976e6375e,78
dbc26a259,32
82aa265b0,32
1a5b47e16,32
44ad68c26,32
7a660b9f6,21
bed5ebc31,5
f05946c39,21
ad7707082,21
8e298b272,5
4afa6c98e,5
da5d0dbcc,5
704dfd7e8,32
25d63647b,13
fcc54c894,32
2858fae7c,78
151cd8478,21
fca2f698a,32
030364f27,78
e416c112a,78
f9731b808,21
2bed40346,21
d2e37916f,32
664bad216,78
083109f62,5
6cd33c3ac,78
5e84a449b,32
9a411636d,21
83f820e61,21
c563c699e,5
a4513ca36,21
873590360,78
3ffde4543,5
07718a208,5
9cd366371,78
88d3afe93,78
29fd845c1,21
abd018788,78
0395f93d8,5
07e4f36cd,5
950c30887,32
e046fb456,32
3474e728f,5
8005ccb52,5
21c3d4a53,5
1d6fbd789,98
a6ef2c9ab,34
5ea36cf54,21
495e8216f,78
8012c6779,21
ddc839a0f,21
997262689,5
c50fdc486,78
cd29fcb6b,5
c0825b4f8,78
ad74613c8,5
9f905ae2b,78
7d32579d5,21
be30d241b,32
0ea779a14,78
57f693d04,5
f2cfe18dd,78
946ef4894,78
6ea2b0e7d,32
eb0f37d39,32
3f4d7610c,78
537f3aa34,32
869035e2d,32
4d7e7b6cd,32
5bc1503a0,32
c3af619d3,21
c4c67ba42,32
e788cdf9b,32
656ea8ca7,78
82a37e873,32
08302b7a3,5
21a5f41f7,32
003b89961,34
8592e5ece,78
55603d86c,21
e830a4d93,5
52232fe3f,21
031a7c19c,5
5607b2020,5
2586669bc,32
964412965,32
f99c51769,32
04ec1f692,32
691ff0015,78
577136af2,5
1218dabe7,32
684a48f58,32
95ab27ba4,21
26444f504,32
90bd4a9cf,32
4fc55f7bb,5
789e8506b,21
c01254e45,78
a016dd653,78
7723a9059,34
e7638c0a5,21
0b027c740,32
46d056d14,32
ad0d1c07b,21
36112c4bd,21
8ad5daf80,32
2575123f6,32
a4c653f29,98
3d087513e,21
bcbc0ec93,78
b8a90ad87,78
b2d223ece,21
10101e982,32
b72fe5b8d,32
96d8b0c1d,21
ec7f6d106,21
65a3a7b6d,78
a3d0ecd9e,78
35b89eb8c,78
4c613566a,32
ea755b7f6,21
e9a53e9fa,78
5dac2f949,78
aae8b6cb7,78
56cafc1c8,32
f281ef28e,5
738af3f29,32
b80e5bddf,32
09cec0e8a,34
91275fda4,34
18d6844a0,21
98038f676,32
a11aaec4d,21
54419838d,32
f0f2f3e0b,21
3b6e604d2,32
a3a17500a,21
79f689862,32
597ea383e,5
5d171dcf7,78
ea36e1b93,32
7cc00d3bf,78
131ea4f52,5
2bb868394,5
7a9de4b35,32
4a30cdae9,32
9d38f1232,5
202eabfc4,21
88621ac35,78
075d6bb86,78
64213e873,21
847402c34,21
aa32d1bac,78
24d5596ef,21
9304e605c,32
2cc73c0c9,78
8e2bff6c6,21
a0bdfb2d3,32
18ed42876,32
0c8abe310,32
b45121ff1,21
5ea428031,78
0d6befa42,21
3919d8ac5,5
19b046852,32
9cd6277d4,34
693fd2ef4,5
5e003d916,5
06a271f97,5
baa4deee5,32
e56916c4c,34
eaa8b622b,78
f0da19dfd,5
2bd2ebfa9,32
34d222c51,21
0a8a36c25,78
071eaaad4,78
fac4230e7,21
a9855f136,21
4c91c2a8a,78
c86cce658,21
4698789b6,78
33ee9899d,5
d9268cb57,34
fc13d942e,5
6ef0b83d0,78
d2cd8b9fe,78
9f3fabc70,85
31ee17f77,78
82316b58b,5
ab3bcad5b,5
ff2804289,32
323884b26,34
cfc106ac3,32
139aad8b2,5
c2b3daa2a,21
c0e7198e2,5
654504abb,78
67dbffd24,5
465fca558,78
51d113f3a,32
2c7ce5049,78
618ded9bc,34
63e2e3e4f,21
cb3ba4df2,78
ed087f460,5
99617ebe0,5
298ade3a4,32
aeb67eefb,32
53cfc6586,27
2213dd7ad,32
8b2742145,78
edecaff0a,78
111388cb7,21
37e16acde,32
8f252ecb2,32
054412f7e,5
91db7053a,78
1548838d2,21
0542511ad,32
5ac870ba2,21
3f3977d40,5
bb0b9304e,32
5fff5ccb0,78
d97215599,21
6d34e11fc,32
034ef87a4,21
7c856ad41,78
416e24d42,21
780f371fd,5
0394a004e,32
15409e0d2,78
abed810c6,5
2538e0716,21
e1e7f8c61,21
a2b499115,21
f85a5ee9a,5
6115fb1ac,23
6b82e86e7,21
3cc7863f5,32
6557acff6,5
4fb5992b3,21
dd20b2594,98
abfe5bd86,34
35cb5e3c3,78
aedab5dc5,78
9d56168f2,5
12c738d87,5
a0e86b0b1,21
2841a62a6,5
50bb7de2d,32
ed127c922,78
d4ae8d14a,5
44e4c1b98,32
6485b01ac,32
b5422eec0,5
78f6357bc,5
e5a6a39de,32
e5ee0be59,32
eb4dbb060,78
ce53cea31,5
f88592f94,32
8459de1be,78
dbeef740d,21
4e792387e,32
c82e8a869,32
7504b36cf,32
50a1849f4,5
7c8c55147,5
c83f746ac,32
241202d64,5
1a7463151,78
ca96ff636,21
44a477145,5
5a68d7893,21
6cd161345,32
b4d954bdc,5
7dbc5a9f3,21
d97f377fe,78
410d24f09,5
5e802f360,5
707ccc2fb,5
301054988,78
3e4825fb2,78
bb0e5dbe4,32
d4610121f,5
78f5768d9,21
88d1747a0,21
2d0fa50dd,78
0d0202522,32
457ef8195,21
be82bd09f,32
a7046c744,5
7273b1c6e,32
85934f1fd,21
8d6c7ae91,5
7b9220d4c,5
c2bc296b9,5
6823dfca4,21
2e4395110,21
0cb8a264e,32
24be941cd,21
6ff58f465,21
5a5e8deec,78
f5ce3d423,34
0523c9801,32
7fdb7247e,78
d60582d88,21
1c92e2b89,21
ad82b1ba6,78
6abf7f144,78
a6dbbc248,5
135359fe2,32
c78e06bc9,34
b319ff6ce,32
7a0cfe114,78
3496823c5,78
534b7cc36,78
906121480,32
f41d18e37,5
40bf06f20,78
0053fa6c4,32
87a338501,5
9aa0562f3,32
624d13949,21
a86d3684a,78
67714a8d8,21
63de51e03,5
4d761f97e,32
ef0ffb5dc,34
4994522d9,78
b3d9e6b6c,32
a5988f75e,21
07283a3e1,5
cb3ffeb02,32
c429543bc,78
b9231d9bd,27
f3d6a27d5,21
795083f79,5
6a881ec8b,21
5cd55d54a,21
35bb514f0,5
05a32258d,21
02e2f1ca6,32
bea75c9d9,21
45271b9c5,78
4955fcb53,78
3dba2c4ed,78
f2d476916,5
5b45e7a4c,5
778c53136,5
d4ac640c0,32
494e86d83,21
d3be0d35d,34
d5628d4df,21
6ab138316,5
e96b3436b,32
bca706d7b,5
5a33b53eb,21
d4f750507,78
e1bcbc106,5
14a69e3ad,21
4d14ae692,21
667c3c161,32
f95b41656,78
a84815a9f,32
edad0d3ee,21
839922a66,5
a0b262e40,21
374c54182,5
5c1b0f7ce,21
746f3dd2b,21
1f7554862,32
2fc266682,78
4bd6a1f9a,21
fb2b2e956,21
df88a9d81,21
b64ae4e8c,21
e60d19647,78
b2684281f,21
7d6a2ef07,32
2178a407e,32
5a80d4beb,5
5a00bf031,32
eed32e9a6,5
903ae9a2b,21
653ee9b0b,32
8a48a97f2,21
36a261537,21
e5bc365d0,5
8cc1fc2f6,32
69e822cce,78
6b132a6ca,32
2772dab8f,78
14453eb64,78
f0c153cfd,32
347c449c8,5
e722a8f86,21
38331a6e7,78
9ce1a30b6,32
398744450,5
dbff359cb,21
768bf1fe7,32
1fe3921d9,32
20e16a0b1,21
4f49753d3,21
7247cc6b3,32
1cb8e917f,32
c36c6ab5a,21
58ede4d43,5
5ba637a6f,5
2c4213574,5
e41a75354,5
d83b8cc1f,32
1b4beb2ee,78
861f2c9c1,78
3d7e6922e,5
e94327a54,5
e3beb7e77,78
15ec03f5e,5
473db5fc1,78
e1d159561,21
4fd8099de,5
eda9f61b8,32
706729fd6,21
15ca2c59d,21
bd612f053,32
649dd8ff0,78
707178bf0,78
808071b96,21
d123bd691,32
cb26ab8e1,21
a40c5b66d,78
c1c26f4ec,32
0bc95b595,32
f557afe91,5
1fa3035ed,5
840f3bd46,78
973172c57,21
0d0b4631c,5
d55497abb,21
8c7c3dbb2,32
f98f94bac,5
9de211ea5,32
1beb08caf,32
0b1605a22,21
a1e81894c,32
a853842c0,5
98320c076,78
582dd5eb1,5
268c2e415,78
3655fe917,5
bc62cedd8,32
aff590876,21
b796fe951,78
c8ff3649a,78
52178db26,21
487fc089f,5
f2a97a3bf,21
88f935ebe,5
1344e985d,78
89085d10b,23
027ff9d9e,5
3a456593e,5
6d00d0707,21
8735b4ed7,78
661e5ee1c,5
8d4ecada4,5
87ad47626,21
946f97527,21
e2ef28251,21
3b6e2c5c2,78
e8a5b6337,32
8fc8e6925,21
90db97153,21
aec05dfaf,32
0a5f90dd1,32
f8d2fe6e2,34
41eb38ad4,78
b5ac11272,78
339153138,32
5bd9a3483,5
b507ebc7c,5
92025e489,78
40daf3243,21
9360afb8b,32
3e7922328,32
1e91a06c4,32
bbce1172c,21
ae2864464,5
100c6474a,34
350c32674,78
83a004123,5
b7ff1634e,78
c63f5d38c,5
5a4014213,5
61d566521,78
e1f45be9f,78
e4e16eb70,32
bce37c882,21
967133383,78
9c477d377,5
54454ed83,32
976379adf,21
1aebb60d1,5
93f493575,78
c3ecbced7,78
719aed16d,32
3bfb94587,32
8924dae8a,34
ddbf2eac2,5
16e7f18d3,32
cbbe148a1,78
34baaa6cb,5
29d87bc0c,32
509741eb1,21
605131c3a,78
67810173a,32
82dd63dbb,32
f1b4ba5bf,78
f314ed416,21
829bcc49e,32
50fe6ebcd,32
a810efddc,5
08a7d77fa,5
16810b3aa,78
d445b47b7,32
e6171fa85,21
a97f64861,78
155c1e966,78
0ac5ebf0e,78
37fdec841,5
fc4486b5e,32
bc83dd474,21
4500b8a44,21
5134a2245,32
8899c2050,32
5ab25460a,78
98de1be5f,32
f3c88b910,21
5629fc992,5
8c0995d82,21
7f9351c2d,78
401730197,32
4ddf168de,21
7046567c4,5
d31117d38,32
f94013d99,5
5c5a534e3,32
9881c6363,32
2623d36fe,32
641ae8aa0,5
d0ee253f0,21
2313d0e1c,5
906ed5d8d,5
bdccd8d94,78
5d4d774bb,21
7bfaa6c93,5
8b4b27e9e,5
ba2d603c3,5
dcf4672c6,21
46ef787fb,27
ae2b1bed4,27
ccc54a4f5,98
56bb538b2,21
ee83eaa8f,5
1837b91e3,5
7eb7812ba,5
48fb56f39,78
afcddfdcd,78
bd1dbe4ca,21
c6cd3ac47,21
48b37a43a,21
136b3c7b2,5
1336ca52d,32
f2aefc6cf,78
99776d4df,5
eb7854187,32
661307d74,78
39e40cdd6,21
35311eba4,5
ce136eb7d,21
a8ba067d1,78
857250508,5
8fa8ee1c5,78
372ad684a,32
d39b5658a,5
d0b1e24e9,78
546744090,34
8260f8641,78
370c2501b,21
dfb7f1e61,34
ac1156cb1,5
b034c82ce,78
89bce4769,32
e635de77c,21
d982b80ea,21
4bbb6638f,32
5398f55f4,5
a08ff3c7d,32
65bd3368a,78
be953b60e,21
bf85f6b58,21
f50873a8c,5
502aa0fed,32
960fe3fd2,78
06bfec1b7,32
1162b2c5f,78
b2a96e09a,78
a134c5401,32
9e7060f60,5
f6610b1d4,5
632b5d37e,32
c84ce54d5,5
230b4a95d,5
4641d6c81,32
2b1ceb24c,32
c43ae531d,21
3da1159fc,32
7f5d5cb8f,78
567e64f51,21
3ad3208cd,78
e43b134a9,34
d5b91872e,21
270665eaa,21
9c1ca344c,21
5245d1288,32
95e3375ca,32
7afcf9660,32
44d707daf,21
9a1d5df73,32
bb5a3fd92,21
b8fd3b2f7,32
e16606faf,32
c80ef2e31,5
3239f2f66,21
98bb92c1e,21
052e7f031,32
eba77622f,5
6a1a8e17d,5
e2e96c56a,78
55c59324a,5
e3c6e720d,21
40b3c6e51,21
fd704758e,78
24ca41300,32
961163819,32
a430b437c,32
945155e8b,78
ac32140ca,78
75a50917b,32
9de01514f,21
b106e1623,21
50a98363f,78
70f9d13b9,21
33b3a9955,32
597beba89,78
ec357f612,32
6449727d1,78
1f631a7a8,5
54a1667e9,21
b95364dd0,78
51e3f656c,78
69040ec2c,78
625ea352f,78
03edb6308,5
dba16733f,78
94269c190,5
e70be746d,32
2c6c478d1,32
0556575d8,5
b09f6318c,32
9e7a1bca6,5
f18412796,78
3b58e0b0b,78
7c23c9246,32
cffa0410e,78
ba635bb61,32
8d1bc9b54,21
d228d4fca,5
749b744a4,78
b0bde1b03,5
2cba09f03,32
0a71ab4c3,78
69a3de639,32
2fa4ca1db,78
6cc34f6c3,5
8e390cb4a,32
a2d5f3e8b,34
2c6e87c72,5
ea0d2354f,5
6bfc6b8f6,5
07803a6a2,32
61ef56738,34
355abfa16,32
b70f99706,5
a0add49a2,21
22be03235,78
b9ba7799e,78
d12204c77,21
3920794fb,78
7777e7e44,32
813ba4348,32
a9cfe91af,78
7c9f01509,32
fb094c9bc,21
311799a0e,5
a1eee5a29,5
4575d8130,32
88a7e7bcc,5
c96b560a3,13
147c34f21,78
8556f75dd,32
ab06cb3c9,78
088b35ed1,32
dba8e8e9b,5
464b2b309,78
ecaaa5ac1,78
cf9cf9368,5
94bd779c3,32
6e60eef45,21
6d61341a8,21
5e76ba18f,21
d637980a2,5
3d9c51d3d,78
a0e82c1b1,78
9067fb1fe,78
1b0a08a16,32
a2ca3206f,78
3e1727f79,5
687997bb5,5
ffe68f250,5
3569ab6df,78
cdf877752,21
c41a4be65,5
519f5b078,5
c779948c7,32
096e3e1fd,78
8b23979a5,5
918ea59ba,32
0476b626a,78
3076e7608,5
d02a2fd8f,32
5cdbf8228,5
5b1353d71,21
b632c0a2e,32
ce6b42efc,21
adc3d214d,5
fa05f57cd,21
c2d0ff1e1,78
6bc102ec4,32
6760a8b60,78
62d2aaf89,78
1b2d48186,32
033c8773d,27
ee2ee5186,5
61f07f2d3,5
3dba87b2f,32
8ad63bcf2,78
e57ba8f31,78
2984c04e1,78
4b57c7aaa,32
9015e43c5,32
95f734b2e,34
048fe3ca8,21
040684077,5
c515db368,32
80d468ca4,5
a334e573b,5
8d9213283,78
d59fc6634,5
8dbc94744,78
c080ec831,5
f441c7185,32
e0f2a0864,5
7e6854001,21
dcb79c93a,78
5fa624040,21
3232d6f56,32
981687c64,21
afbdbbf2b,5
71273ba15,21
a3c091760,5
8d2997526,32
9c8dc2ba1,32
352a2c45f,5
e8978b192,21
5681077fa,32
7f5e3f4d8,78
43ac410fd,78
8b01cbd62,32
5184d47b8,78
6c925a18a,5
a0f7fea74,78
256e89fc6,5
dfb75caba,21
82f95de55,21
d1b3aaf63,32
c2a609ae7,32
25e91d523,78
fc2199013,78
7894b3f5a,5
a8ec16428,32
acaf761d0,5
801b2e0b5,78
3625c81e9,32
2c2ffb258,78
5826bc1ee,32
75b41a741,21
48c00c048,5
0feb4e2ef,32
6229791d1,32
357b3b1d3,5
2545ad929,78
da4c0be52,78
02434c828,5
8960bdc5f,78
1711fd57d,32
4ca32d7d8,21
77a6613b2,5
59b2a320d,32
6c3ecb861,78
5dcad39ff,78
34c4cf37e,78
d56f1eaf5,21
abddbf3d0,21
f1641e325,5
5d796ff7a,21
a46582e86,21
dafe76eea,78
8b7fbfa1a,21
b882b8bd8,21
760a844a4,32
97947bb82,32
856a55f6b,21
c72964068,78
cd503942f,5
38b394064,5
2103e7549,78
eb66fce7b,78
5285b9c84,32
adbd3dcf6,5
5675c2ee7,34
2690d9568,21
dd8b1aaca,5
bea8158b9,5
8bb630662,34
c28a33596,5
5382ac6d9,5
e12b35292,5
a0dbd84e8,32
d96c3a358,78
6cc8bfcf1,32
871699e5b,78
ea86d7b46,78
5e01e9489,32
2939aa5df,32
6e045ef23,32
9eeefb070,32
bcad89a07,32
22c98bd18,5
f1b2738d0,21
a74852f37,32
931e94184,5
af669d8e8,32
6f25bec48,21
42ec55913,5
d28fc9f29,21
96e4b2ef0,78
c9efb9d66,78
2e0bc183b,5
010c5d8fa,78
691acc46f,78
0e675095e,78
4f5a0a2a6,78
49f22c2e5,5
d70ee220d,21
9ff246fe6,32
dd103a297,27
34c97f64c,78
8bc85ca8d,5
f37a76430,5
31f2e5155,32
3294f5eb0,32
c06c7ca88,21
55a7e02a2,32
7fc947bde,34
a23d903c3,32
14057210c,5
622301a2e,32
b5f49135b,78
58c90fc33,32
33332272e,32
08710eaac,78
bbd3eba7d,21
be7a473f4,34
24c202e61,5
49601a7ba,78
2d64f0901,78
de06ff6f7,78
3b7f6b220,32
28b08d407,21
9d0d80d6d,32
09c2d54ec,32
56f31776d,21
1aefb1a74,32
df17daf47,5
89fb3d0d3,78
c74e100ff,5
dac6805a7,78
341b65192,32
a85e27a09,78
e3b70ca71,78
166cc9d99,78
7668e5204,21
95ca52d65,21
6fed43511,32
6b8f11ae1,78
41716e097,34
8198687fe,21
ba782cc48,21
41dddedd7,32
706aa9df2,32
22915105d,78
16b341509,5
f0f900bec,32
1cccba04f,5
5155022aa,34
378c2a70e,5
ad82ed1ea,5
a855179f9,78
c25b13b1d,32
79423d8e8,5
8df2a19b0,5
532c117fc,78
0be81ab06,78
a3d0a07a8,5
26844c8f3,78
10e3859fc,32
63c3945db,5
939f715cf,21
a94695f27,5
ebc1583ce,78
52eae9528,5
65f299d4d,32
45c144250,21
d47eedb46,32
2d40a8e47,21
4d5836f7d,21
0543d5d92,21
721301e6b,21
6f229cb58,21
d9eedd469,32
30b4b7aea,32
9fc4a402d,34
c7cdff2f2,5
5172a3da6,32
afdba6c0f,32
9856ba8b9,21
7a538b99e,21
3a6847333,78
c1573a6be,13
0c295f0fe,32
0c76a33ad,21
e0bf00d7a,21
a388602fe,21
dc680460e,5
1fadcbda5,32
a7d70c4de,21
dd14b70c4,5
4fe029378,32
f0bdd22d9,5
df5392f38,32
aa2b95145,21
5193214a6,78
d56664e9d,78
f3c3215ff,32
94a240084,21
05d03cdb2,5
e4c0f1e32,32
3ee4afec0,5
93f0dd7cc,21
0c6b189f3,78
669487461,78
3a3274d90,78
5b1f12738,5
e1adf9362,32
d4362cb73,32
d36d163c8,32
1507fc4a8,98
5e7372874,32
a2e477d6f,78
2451960a2,78
ce2745e96,5
38bc8b746,21
21608cb5b,78
6c0edcf33,21
b601d9f8e,78
0a38b5a6f,21
1081dc395,5
8427d213c,21
ca865c4b0,34
a53fc71a1,21
55683854c,5
760ce7b43,5
17c2e1b73,78
658b73453,78
2b07811fb,5
1fc614660,32
2da61d102,5
2b9d54083,5
79cb3514c,5
8801493cb,5
c87bbe155,21
4c79f68f0,21
228540138,5
efdc65d2f,32
b32d80296,5
c9c4ad186,78
dc4a5c985,21
709d4aaac,21
0963e2956,21
938b2ff4f,21
4d8257f18,5
42fbaf02d,21
495523f05,32
e8add9fd5,78
14fe67e77,78
74ecc535b,21
3e3942656,78
76f661311,5
26f14822a,32
64a087667,21
70d37d23f,78
5e35708ec,78
fd6b80e18,78
e690ff8ae,32
383ce35cc,78
757866231,21
7790e656a,34
e8a1d04f0,32
b0b810f90,78
ad60c3571,78
ed0204f22,5
c7cd71880,34
a8e6d30e2,5
0281e01e3,32
ebe718ae0,5
f5a3fd7b5,32
abb27a80c,21
11e3afa83,32
e4bd15b11,5
ff2ebb52f,78
467d1a4a4,21
4b2c0659e,21
7d0e16879,5
53f2f97d2,78
16c791a6f,78
af3c7a24b,32
6c2ce6d90,5
0134f018d,78
8f7dafef1,78
aeb6e32ab,5
9123fc9c8,21
f21bd29f5,32
85d30d942,32
fb6d4648a,21
6dc1a03ed,5
02055dd80,32
45610320d,5
1e0d2fb87,34
914b0e71b,78
23a5ec48b,5
b30ac7015,32
ff67d505e,78
e83500196,5
2daf558c1,21
74d672d39,5
a2e59aee8,21
6a9dcc24b,32
fcebd07c5,78
e9471b958,21
341eee5b2,78
218e61006,5
991b607de,32
f9de43fb7,5
6e4e60f69,21
ca1095668,32
6e979324c,78
fb532209f,5
5ac5273a9,5
a1b4dc452,32
920247fd4,32
486248544,78
37b17ad81,78
6c14532cd,32
23d5c512f,32
0b061eae3,32
e60d33c82,21
b545ede10,78
85b7e1897,21
6820bdfb3,78
25004084c,21
eb71bcdf2,78
7f19952d4,34
4c6264df6,5
ca1d1d65c,78
22a46a27e,21
48faecd45,5
dbb703916,32
5e166be69,5
5f1a08959,32
3dd4e386e,21
fcd2cb7e0,32
a21f6d452,78
db09a299b,78
f26f199fb,21
2a0a2ea23,32
623b64d19,78
6d48de3df,5
abac36cc0,78
7e3369c19,5
1289609e3,78
1cd461407,21
9e7925f1b,78
1ef426390,32
becdc1364,78
ac8d33b0e,32
48526fccb,34
a859410aa,5
8361401fa,32
3522d5b4e,5
aaa580243,5
d907ca7c0,78
0c79ae44d,23
d4ab201b8,34
9fe27bb58,21
ed308c95d,32
c1f18cb5d,78
035f7cb0e,78
01cf43e0a,5
38cf8682d,21
04a7a4f50,5
117aabfd8,32
5b0a35493,78
2b5d0e5c2,5
83714b580,32
b7a8c231f,78
aa070417f,32
f42d2d722,13
a256f13ff,78
d69a2d62b,21
bd8139bb7,32
0d27bbb79,34
87020b1ce,21
099a2107d,78
b61f62d90,21
9924275c7,21
710a380e2,32
97a7c1e5b,78
92c33e670,32
bf54b2c66,32
8d5494b6f,32
89c87633a,32
32b46db46,32
b51c9863e,5
1a96992d9,21
03c9840a9,5
28fa2b3c8,32
a8a8b4261,78
369693f04,78
65d1f9b28,78
c099603ac,32
359625cf3,21
b9b1f27a7,5
05a947c38,5
5413350ec,21
fb56bcd7d,5
282dca22f,78
39e216b40,78
6cadad337,78
c4081a31e,32
13fdfe24d,5
20b97d483,78
7de7343c3,78
4de97f685,21
0679c1097,21
0a9e05e74,5
653443f38,32
36f02d6c2,78
0e9e5a0f0,32
35946cce9,32
896467495,34
38fdf8c81,34
57f357144,21
3052916cc,5
fb9520cef,21
b022bab0f,5
a8740586a,32
202a8996e,78
20a48922b,78
e2cb25f6e,21
f0ca69363,23
485a5ca01,21
d6a1ca6e7,21
6291210cd,21
e00aa2535,5
26a9dc162,5
dbe581aa8,78
e3e51f37a,78
09ddc01cb,21
21b24a7fd,21
f7f17ae72,5
abd425a9c,34
78d30a479,78
d53eb8a52,21
624d36ae0,5
72b3fdfe8,32
377b22380,32
777ef8066,21
e826a5f20,78
bd9cf6b4e,21
f90aea0fd,5
fb8d27d87,27
715ed2e29,21
c9cb86f46,21
2688859c7,5
df5a78c3d,78
4df899e46,32
3149540a2,5
977a23c97,5
274009fa1,32
a038cdfb1,32
45162353e,21
e774787e4,34
58a01b39d,21
723403f38,78
cab155898,5
535695fe2,5
f9618eb56,5
2f0b8155a,5
042c90107,78
74bb3e711,78
93100914a,21
14ad22971,32
1c435d13c,32
956392eb6,5
60a51b6b7,5
360538bb1,5
42ce82871,78
c49cb046d,5
1951c5fbe,21
c3c4ea291,32
08516fa85,21
a4541b8d1,32
f41acf49a,5
e0b80caf4,32
b840c68bc,32
ee2886544,32
bd2e8c9b0,32
d0570b30f,5
71aafc964,78
2d8c06a3a,5
2861b1d79,5
ce06ee7c4,78
b63ea2bf3,5
6f845c04e,32
a3d606459,21
2c69b633a,78
c33ac1a9e,32
e3ce14f38,78
26bfb56fa,21
d0bb3317d,5
5745b1abc,32
0de25d05e,78
9e31cbe3b,21
3c87fdc0f,21
05ad9d40c,5
3eee745a9,78
4cb8ab033,34
28bab70cd,32
86f4d84a8,5
10950efeb,32
69239f8e7,21
a473f26bc,32
46656822b,78
d37745aae,5
4daec49fc,32
bd6862590,32
49f972c08,78
a6c8a28d6,5
123a13515,21
4b648670f,5
afe1e4f66,5
d1993c898,32
39e73d88c,5
f6820c410,32
30e68f7e7,5
68b3481c2,78
345f66bc8,21
fc8af9bd9,21
b0c7165ba,21
894954440,5
720920606,78
d94097494,5
33096a299,32
ff5892e0a,78
4383d6782,78
5d3cac88b,5
f353716f8,5
288d4365e,78
bc8917394,32
7b1267e49,5
cd053695f,5
a1cce28af,5
132ebe116,21
3224015a6,21
8afe59d10,78
5771f876a,78
fb223c3be,5
fd34d7c8b,32
3f315b0cc,32
d169dad5d,78
de882d4e8,32
150643baf,32
7d9caf815,78
fa53d140b,21
400353bac,34
bc199fa70,78
65ad21fda,32
8e1e85931,21
2c009b580,5
6009ca42c,21
8daf31854,5
69dcb9a3b,32
f61465618,5
111223138,5
003882deb,78
3469925a7,21
e8746af68,78
4b8fe9f3f,21
8f9a206cd,5
fb41fa092,32
e72d6bcc9,32
b3b55322c,5
c162978be,78
0d8d7ecde,78
ec40512de,32
ed55919e7,5
53c6c23b1,78
600f01e91,21
813efb8b3,32
0e3f76f4b,78
c8c88493b,78
28dd39f92,21
0b8824c7a,78
d0cc62751,27
5228fb3fa,78
d5c5cde4d,78
7eba030d5,27
931cd1858,32
27e7900b8,21
33d008671,32
a167a159e,78
9ec91d6b5,21
789f0394a,21
e8636b839,5
d19fb376e,34
cb8786391,32
5e56f69f6,5
4d0d04ec2,78
adad9bef9,32
688759258,21
f01658320,32
275952360,78
6d8ba2cf9,5
478fd662e,21
2a9af9154,21
27178e6d0,78
7db7456c8,78
7c3e5c00d,78
006afe0ef,5
645e0448d,32
93efa8927,32
5e5672257,21
a425fc6a7,21
9fab84e7c,32
bce769fa0,21
db4a05f64,32
7b63ffb33,78
9db76cdc8,5
a546be8e9,5
6e0843d38,21
22207b7e5,21
23f960bbc,78
2a5d624ae,32
539e41e9d,78
8b4182aa1,32
92d56d30f,5
8e96d5481,78
ddb84d9ab,5
2ce2f09d3,32
4c4a8848a,21
a6672b875,32
ae5333fa6,5
140c059f2,21
c624f43f9,78
5eb156e33,21
c77c99cfa,34
16c7a397f,21
b9fb3d0cb,21
e958b63e2,78
8b85ecabc,5
f8eb6ec7c,5
9db94c1aa,5
423c62bbd,32
4d41db87f,32
6d2e2b6a2,21
2bf69c9a8,21
2bc5a1d42,78
5857637b3,21
a11918aa3,32
978697ad4,21
92c92500a,5
c9e727ec7,21
007455d6a,21
fc4e90060,21
acd61abf2,78
4ce9bc001,32
9b3779536,78
a8bf527dd,78
1157fe26d,5
3db5a2d90,78
c7827133b,21
d98cbb36f,5
b390e248d,78
85aeffc62,32
cebf5375e,5
c3d03598b,32
fc354c0c0,5
155727e57,5
35372e4f4,78
aaf781d34,78
d96704410,78
0bc02eae2,21
19e44b02f,21
30964e186,5
3c3316506,21
80b87cc06,78
87827d39e,5
64327e651,78
ba9fa9f30,78
1a4dc4b2f,21
dd4899180,5
771b14071,32
07be81d64,21
e96d15acd,5
b6bc88c1f,34
19bcd7864,21
c58d1fe16,5
eda0c70e5,32
b3411ee1d,98
586868059,21
6ebdc31d7,34
96b039170,32
4de9ab35b,21
8d9185540,78
12eb5dc94,78
70c95a76c,21
ed7123e07,78
2d17418c3,78
db735ff57,21
37885d3c0,21
b26f33224,32
0dd4bac89,21
213cea039,32
b78fc427d,21
381bc1702,78
38235ae21,21
e20191edf,32
8da1e9ab2,5
0501292e5,78
9167143fd,32
114c7355e,21
bd4976820,5
29a77c458,78
8e59ed760,21
ab5f64570,21
ce028c60d,34
bf4bc1677,34
c5fdb2459,78
cd88f6d4a,78
c1c3919f0,21
00d32bef1,32
359c8a8bf,21
7e8b191e8,32
288772300,78
14e124c03,5
8fbcbbcb5,32
79c1a3d97,5
dc53769ad,78
5eb9825ce,32
30e522542,21
8eb64dc4d,5
4b6dff5e4,32
afa3fc6ce,5
34589c202,5
f0de6586c,32
9b40a0513,5
e240c69a0,21
df3b6edcf,5
459ef45ac,78
9f392cb03,27
e25ca1054,5
539a14033,32
ed0be72ef,78
380c9c318,21
5b15fd082,34
63bcdd5bd,32
4646117ab,21
8212b672a,21
83302ca82,21
b8741ea9b,32
6a3e093a7,78
9b442480c,78
03333ea62,5
050bb1262,5
0b3c9e1a9,21
e66879b66,21
ec68ef123,32
4bb5dba59,21
0faa6c65f,78
1432b2d26,5
59372c831,5
d0e47da08,32
f60ba81cc,78
bed3cd944,78
7d58bbc35,78
2cf6e6419,5
04fdbddd7,32
ee23e898a,32
a7bff7fab,21
a5d301249,21
729ac5e06,78
3294a097e,32
08c71ca8f,5
d23336d37,32
5a11b89db,5
dd88fcaa1,32
9a863b9ee,32
6a1f788d6,21
58ffca855,5
64f0cfc26,5
8de4ec677,32
f00ba69b7,21
aa016ddfe,78
87a37b4cd,78
58879de83,21
2d54b796a,78
366fd6686,78
087d3bbf0,32
081ee9650,32
8776e1949,21
fda794abb,21
d14a0c9d2,32
314dd31b2,78
6d7138997,32
4630fb885,5
aeefaa66b,32
547815be0,5
6a8422b82,78
dd4cb3fbf,32
10bd19c33,21
7eb988267,5
24ee77db7,32
8693ef6b1,32
afa2ae498,21
cb59a4824,32
1d8ca740a,78
7f3e45975,5
68039396c,5
31ad8f4ab,21
fe3642b3d,32
fa19200be,21
adacbebc1,78
8571d6622,32
0dda08338,21
cc4399647,32
ca19d9909,5
872eafd2e,5
78d30851d,78
a9cb1cf8a,85
1f8e21c54,78
6575f6563,5
5e6e5030a,21
e2fdce920,5
8bcc6b0a2,78
5d3d71c05,78
e42b8cc4b,21
807ae65c5,78
aab7f897d,32
0875c4f20,5
03f8a7638,5
61d0998a4,78
0313b9d4d,21
4746340a1,5
59c2eeeb0,21
cd6748273,27
f9b4d0e4a,21
dd613b9f2,21
5998b063c,5
d1196d6ef,5
f7da480ea,32
ec6b3bff4,21
1d145016f,21
2957381ac,21
a05706206,32
c29915daf,78
e60c3bf54,78
9a3f6c785,78
7315d2e99,21
edbb2c2f5,32
404661213,34
9009c7887,78
317d04297,78
0308348b8,78
9e4e812df,23
441f60624,21
625a9dbf0,34
734fc53fb,32
eef64c945,32
eb92d9778,5
caa9982e3,78
392d4f5ab,32
64144b5a7,78
51f607616,32
9d7baffae,5
b6eb04bf0,32
465acfa7f,21
74aaa5e78,23
e1d48d997,78
a2e48b4b8,5
0ab78aa76,32
6802325de,32
bcd277266,32
61547bf69,21
8876c6402,21
310f07ff4,78
0cc1eccf5,78
1a0d4b775,78
f04b99dcf,5
57f7948f4,78
4b9e61e38,32
5ed355568,21
7547be627,5
700cfcbd2,78
0aa1d9c98,5
17c8dae41,5
d2dc32c18,5
a0ea70e97,21
e283e73fc,32
9372a8558,27
ec9d1154a,5
8a81cba04,32
f0a786428,32
48d8779bd,5
47ac366b7,32
f9c4254e7,32
3303a56a6,5
19a795eab,78
bca8bf0d5,21
087a71f75,21
cd20c00da,5
1101a003d,32
6c5cbbdf4,32
aa85a14bc,32
a086b2043,21
9d388b6f4,32
75c1b1a9f,78
72b388c16,5
51ccfb7c4,34
4347196c6,78
6504eee67,32
57cdc3f59,78
58e9042e0,5
67b85d53e,5
ab1d26187,32
ecd73311b,5
3d17ca258,5
36a930b87,5
4ec8b55c7,78
bfd8234f6,32
d146e8595,5
42a9682a8,32
cf68a6af8,5
ca3dd51e6,5
caa580f63,78
2f36a9903,32
431dab6d7,78
2c8b6d457,32
ccbe77cf0,5
a8428cf05,5
fcac5a7e5,78
be9d52ef0,78
3df11cf29,5
78a777eeb,78
9c158e3c6,32
88f8cca3a,5
db63379e2,78
d8d27a914,32
b5253f91a,78
e95556293,5
3776f98a8,78
fd53118ce,78
3debf4070,78
69ca9a78b,21
0b25964e1,32
5c88d781e,21
e7d7fec7d,78
f77e765b4,21
376134aea,78
acc5f6c4f,21
f10545931,5
0b982469b,78
891e42a88,78
c46f7eba8,32
cb82723d1,32
9cd8464ef,5
4c25aa614,21
306cd2f2b,5
1e3e2da00,21
d4bd9703f,21
7bae0ab5e,21
40da3a46b,32
9bef7aa96,78
7d5126c94,32
5ed174c75,21
af181a2a3,5
564a0856d,5
7eb08a18d,32
4f2196c72,5
c76daa7f8,78
e8d0e382a,78
435326c89,21
30f515f27,32
f86503c22,21
04a069392,21
b0ddbab02,5
dc39aab6e,5
974d0a175,78
0713eb9a5,78
f10187efa,23
0d558f91e,21
74837e719,32
bee47a94b,78
8b86c4635,78
6bcdb2495,21
2c2f59092,32
6d711f23b,5
4cc12b820,32
7dea65fa8,5
b3faa4ebc,78
1c5dacd9f,21
4f7f265b5,5
88728f169,21
3b6693e00,5
f8c41bdad,32
5d59f9a69,5
4c5a20840,21
33ad24008,78
1a6e886f2,23
63bec561a,5
9e60a5b0b,5
5359b52dc,21
d6ded3726,32
cf86bf7e0,5
0ce2742b7,32
3b60b5bae,5
3c22e0a0e,5
f68109bb5,78
68c50e34a,32
72e6df7f4,5
25b6d41a2,21
d3cdb9655,78
629160ccc,21
ff0e67f2f,78
664ab3455,78
35d5521e7,32
5885a2c34,21
cdd700dd9,5
c4e7f3aff,34
730cbd08f,5
857a39495,32
034fca563,32
94d387cd6,78
50ae0bab4,34
1b8a45d4d,32
8d9ce649d,5
c8cacb55a,78
f23084f4b,21
b48c962e0,78
9351e7281,5
481c58d57,78
4f5abe367,21
ee6971d20,5
b9fb466af,32
496eaacf5,21
60e283191,21
6bced57ba,32
e053b45c3,78
2b7da32fa,32
3b66bda54,32
904f86ba0,78
adce755bc,27
bf7b19901,78
0a2e4e1f8,21
a7df3f054,32
30da0fe81,78
0afbefa46,32
805a4dfb6,21
41e36fab5,21
8deb17128,32
8935eaabe,32
f1516a306,21
4863d1e67,21
721e72651,34
1c35c04a8,32
7244c8b3b,5
855c5dccd,5
2c2579451,32
7c8007f01,32
cafd03a2f,32
7409a08d2,78
11ce56786,32
5689bcc21,78
64a1bdd75,78
3a19e432f,21
aa5c575fd,32
f03697dc0,5
469301bcc,21
7dd683db0,32
96c6c97f9,5
62c459f66,21
7d47fa7ba,32
ceaa96cd6,32
5554ae705,21
b35d89433,78
6fcfa47b3,5
5ccfc8dea,21
e0df04630,78
4a5172bd5,34
8bfb79995,5
55f00c851,32
4191c5547,5
d5766b84a,5
ff1935c29,21
e611ad6ae,21
c52b1e973,5
86dbae006,5
d7a64d386,34
727d99d68,5
d8bfdb6fe,78
c92cdfeb4,21
c2e2626e4,78
1f1d99593,5
09c208a92,78
e9c29b67d,21
d7b1f9c1f,32
fb83a0899,78
a7b14afce,32
cb02dfd8e,5
e7ec33080,32
414fa5cce,5
b12c4cea9,78
7327abf40,21
6a2552916,78
1fb45cb2b,21
d5f6e40f7,78
9294f2050,78
b043db93b,32
46d8e8e19,78
d470e311a,32
94b493650,5
ad81d29a9,78
4884ed7c2,78
79f507d4d,21
2406e977f,5
d5b001638,78
e09c2b70d,78
58379dae0,21
994b891a6,32
01163c5e2,21
719e9e88d,5
ad3eb529c,78
4f4574478,32
0eb530d0d,78
a44826a0e,32
c9db9600e,5
77767dd21,32
25b7cecbe,32
cbff5d0c1,78
14b239870,32
24bc6b404,78
651d0b2f9,78
85e11330f,34
a1b523d1e,21
3eba562ed,32
6fbef3988,21
3e043e76d,32
e45e707db,32
c874dbc71,21
7a7c505a8,78
6e3303932,5
5906e9893,78
cad6a0d66,32
735783bb8,34
62b5e80ae,78
4df5a7b4a,5
7e85cac95,21
e079e7ca5,32
3d0556ab9,78
024ecc6fb,78
d8346f57e,78
39bb94d66,5
ffccd38bb,34
4217c1328,78
85c84a176,5
eeb419776,78
c48f8f050,21
babc5e002,21
480dbd0cb,27
1b0656451,21
2eaf291d2,78
50f33fc4a,5
0c56833c4,21
28f0909fc,32
6a9f813a1,5
e85121a2c,5
e7791dc5d,78
41f7c2604,5
a1ae9344f,21
548fe4d32,5
5c71c2638,78
2dba0571f,5
4bfdec3b4,32
5f024c911,78
2ce1e0b6a,5
d483748e6,21
81f2fa04d,21
ecfc076ab,5
2c79f3a6b,78
a5f5634a7,78
5ee6cb24d,78
70e6b4f07,5
fb2895935,32
bb91e163e,32
6c1e0dfda,21
7b1177392,78
23ea06b99,5
04a7f34aa,32
38d113afa,78
b83336a9f,78
3d000dd19,21
110dac9f2,78
ac67924f9,78
e2b90e868,21
90e8d8225,23
284fc118f,78
fda42498c,5
65c796a0b,21
d1dacf9dd,5
467025843,34
195bacee1,32
977ebbfb9,32
ce0668511,78
00f05ea9e,32
36da5e9ca,21
c5f7f7fe3,32
7b6d30721,32
b7c02d7c8,23
da6f46b28,5
2a40c5664,32
8f206287b,78
e555f7ecd,32
ca1b7fcd6,78
0186b465f,5
76dd2577e,34
674e50421,21
a3119fa46,5
35659b2ff,21
afd56596f,32
e109f9b0a,5
57787a61a,78
fb78539c2,21
cc6a65411,78
7cb1fb42c,5
77e34e261,5
4dccae9a1,32
c0dd27777,78
42e378280,78
3f7a7e0d8,32
350182af5,78
bbe2e7c64,78
501229169,5
f18556a22,32
7fe424fe7,78
cfe404d71,78
19e07f757,5
7beeb67c3,5
30e800167,32
5e69e6a8e,78
79f93fc6d,21
1c0c4fa86,21
36444082b,32
5e216ec7c,78
991294873,78
5c38776b4,21
80ab4469a,78
0fde7a334,78
a35a4626f,5
441c13b73,5
bdb501796,32
38b48be78,5
3c36c119c,78
56e37b524,32
da0a25a77,5
402023b27,78
8cd1b6545,21
9fcb174b6,21
224416fdb,5
e2194cc70,5
878bf09bf,32
315d0c65d,78
392443fe6,21
f985ee0da,78
9fb9a9e81,21
fb91caf96,21
313055a9e,21
476283f9c,78
979d4369b,32
d09882bb8,5
435e0f59b,5
06cf3311a,32
e207a9c22,78
d46919710,32
c51ad1704,21
c96004e94,78
5699993e6,32
64f9d993b,5
02073dfee,32
3816dac91,5
831348989,5
a24932259,32
f0fd3d741,5
f65475a24,5
ce3c158fa,78
541c4d41e,32
a98328317,78
ffd3661d4,5
e0098a158,5
9704969a7,32
0ae82a090,32
0cfc11aec,21
73a3ae7ee,5
333beeeb9,5
410639882,32
9fc75b12b,32
5b87d8d4b,5
3b66e2c2a,21
885f2eac5,32
a51b01392,5
f4cd5efa6,21
0120d37e5,32
42b0abd95,5
8899f1bd1,32
73092f468,32
5002bff77,32
401b6e0c9,78
7b825842e,5
473c84ae9,32
3a1c2ac95,5
d9aa13213,32
72e6235c1,32
8756842ba,5
1c4bdac93,32
41f6cf7e1,78
28f90d5f0,5
b1041fc0d,32
760068096,32
6c6ba5d80,32
19e95658b,5
2b347b559,5
50ee680eb,32
33f20f40b,32
11b0ea314,32
45c6bef70,34
a19256173,5
c251cfdb5,78
36c344ab5,32
c2915a59d,21
22eaa8132,32
9c2f4d9ba,78
2b782bb3f,21
58c271df1,5
6939eb499,21
4c1b8a5c3,32
400b2bbda,5
62ea468a3,78
edbf64b0b,5
6e3c0fddd,21
e40a71ec4,32
0e0caa0a2,32
a97dcebf1,32
ad9a77e7d,21
d5bb1b0c8,21
9e3425ede,5
4250ed062,5
e8c49e13f,5
57c754d1c,78
e8612373e,78
386e40044,78
58ff8f465,78
a8331323f,5
d9f3637bf,21
754cd2605,78
41beb5c12,32
f3e315051,78
e0c7c20d8,5
6bcb5a502,32
13330e605,5
82df3c1b6,5
206b27d1a,21
4cbdaf60c,78
97f545d6b,78
7fd945d34,21
600bcfc2b,5
5a543e058,21
299e1957c,78
5762da038,78
c9c069119,5
7d2cabb96,21
8f215711b,21
8523c7858,21
f29fbbe61,78
6d789c449,21
a80f444a2,78
17ec6d74f,5
e1177c121,78
4fd5cd91f,78
657464c72,21
08a1c14db,21
56f6e9dca,5
b4405e586,32
264d83a6c,32
319a4d6d7,5
9a302252a,32
2d611a037,32
6b227f122,5
5b3739564,32
d2b357573,34
98ecbe0b3,32
4e6d9fad8,78
497a53f79,32
6a414839c,34
62a410cbb,32
6f4179bbe,5
161a7d556,78
9dcdd11ed,78
f2586d647,32
57cd097ae,78
a622a8c05,78
98dba17d5,34
7a90903de,5
049402ee8,32
337c0f7d7,21
7457a241f,78
05e218a53,5
2b95366a8,21
62822763a,32
9debacefe,32
1c4a00029,32
05c9fcf03,21
92e7e630f,32
700fe6ff1,21
4fe65e8ba,78
470697d01,5
30e9b5b6a,32
bce577229,78
358530103,32
577a972a4,32
cac40db60,5
940485a6a,32
a0faa7276,21
905ed2774,32
87de4333d,32
9804741b6,32
a9c8ee568,32
5536e05ee,5
2461915f8,78
0551c57d5,32
c164f8571,5
c27d7bff9,5
77a43b493,32
288510b49,5
d325e5d76,78
d185711fc,5
5b8f09d2d,32
45c11697c,78
124e119b4,21
c2300272e,21
7dce481dd,5
1b6242f80,32
4d0ffe92c,78
757541c30,78
4925bf95f,32
270611007,5
b8bc9b3b2,5
a22110e6d,78
98033c300,78
776fe6e63,78
8988c222e,32
e32696dd7,21
aca9ab734,21
8c6fd0ec8,32
6d984df89,5
207684fb9,21
472c84cce,21
6a63a8764,5
321437b6c,32
42b92a427,78
c7b1fd88a,5
396d20b5d,78
d2277f8e6,32
059ea5059,32
282419eda,78
9a513b251,34
3505d54bf,78
f421c6ffc,5
0a73725b6,5
f096291b7,78
5b1892dfb,78
0e6cad3b3,78
1984a614c,21
dbff9bca9,78
3db6ed179,78
1f3e62b48,32
9824cd034,21
1394e9ef2,32
cefe64b4f,78
e9564dc47,32
408b2d234,21
996a4ac53,34
22cef13f0,78
29026b0a6,5
171d91683,5
bed5e7833,5
486ddc6d6,21
22adafc7d,21
9d624affc,5
8816f311a,78
faa0dd647,32
8b8836103,5
db65aac8a,78
abf7ceca6,32
1b3705cfe,32
a8b29edd7,78
d43d8c9d8,21
5d06b5c76,27
9942a5424,21
2b8f0ac5d,78
eee191638,78
d8076fc39,21
824eae734,34
e8993867e,32
f5c310736,21
d3ba42b8a,32
6e7b8fa3b,78
72b64a25f,5
ae78a372a,78
5c8d0266e,78
7223d356c,32
240e151af,21
7ae791f04,21
eaa6a3f7f,78
6550b53ba,78
1ca8e07c2,78
d9bc877f9,5
22cecb30b,32
bf4c39972,78
3510270ee,34
4a14dd513,32
ac79edae6,78
04e0d362e,34
a05c1a9e2,78
ef68e319a,32
a6ec0a798,21
bc45792c0,32
4aea86d3c,32
0dac4246a,5
dda771b4a,78
958e9761b,78
9fe8be4ac,5
eed18198c,32
b80ea5db7,5
5f22d82a2,5
cca529347,21
0208143a9,21
a235500d0,21
7d825a631,21
012f05d4c,32
b70a1ef51,32
6fd250f15,32
e6c7eecab,32
4fe780b27,21
4b69e4daa,5
7ea4fd1e7,21
5bdd76ad6,78
7ce82e1a4,32
93e1b1b57,5
4b4223c92,21
be2c310d5,32
27753debd,32
1770a3955,5
e00cdee28,21
52592a2ab,34
5a5fbb94d,5
4e3b3b3cd,21
18e22af9d,34
a3fdd2210,21
334118e8f,21
6326ba8d9,27
8e70982a4,32
d007caae7,5
79a025018,78
657a2302f,32
67e65b379,32
046b83571,32
29040ce6b,32
4e3f96c83,32
d39e4ad87,32
2212d47f2,32
9f447b11f,32
4181451b5,34
657d7b6d3,21
6c52831b1,78
0bd70c4ae,5
c081f5b7f,5
f6f0e3d49,98
3aff0dc0d,5
ba763e4ad,21
d08fafe17,21
2367b5056,78
ef26ad662,21
cf192fc6a,32
761340c6d,78
e8c36457a,5
5ec4acbb4,21
1c5a3287d,5
d98e07837,5
db9c84b18,21
da3a23d4c,78
93e296cef,78
dcab7fc67,5
a11b09e07,21
0c288213f,5
70e87c482,78
ade9181a5,78
ec53f72bb,5
3ed70f179,5
2994ca253,5
b96a82543,21
82a14f17f,32
393b7dc05,5
8559d49e6,5
cde20b1b5,78
9aa2210df,5
2f5064517,5
b1adced44,5
e9c5f7cd1,78
35e005ed6,21
38f6562a3,32
79522023e,34
04da4955d,78
8b423a167,78
01f76a519,78
d3f044336,32
4af75b596,32
8cb48a7e4,21
36c06efe6,21
7e58b251b,21
e8a6ceac5,5
2f8b40852,32
187ba6ef0,32
925de0d45,32
8f4a554f2,5
fe1615399,34
67a25ece3,21
b80695478,78
b187b258b,5
c90a12d27,21
d8f9c9f6f,21
1e71b66ad,5
007258826,32
d376c4365,5
ece8721cd,5
4bc167a81,5
61e0f377c,21
988f93442,5
69c63b4fd,5
7cb07f8df,5
ff264d2db,21
5acae87e6,21
8dbbf9d19,32
7fccc20cd,32
3af4c8105,32
6d233727e,78
4a9f824f6,32
c3432750a,21
bfd311430,21
b1066d5b5,78
8e55f2268,78
a324dcaed,32
9f4b942ff,78
f8da03f7a,78
146fc86a4,34
035e7fa21,32
fec3fbd0f,21
4f21ae7b6,78
60d83cd0c,32
4e99c537e,21
a249400b4,32
0bc95f66e,5
1989da31f,5
dede702d8,78
957f42d35,21
79ec6e32a,21
9dfcbdf18,78
ae804f35b,21
6fbdee8bb,5
79335a465,32
638d987cd,5
3e629f05f,78
6f40daa0e,78
c128b1e28,32
4c184156f,32
fee53d77a,5
80c9bb328,32
82fdce8f2,5
da00cc5f6,5
189976301,21
9b28c9ce7,78
f84be6387,32
2d0832480,32
792982c6c,34
7d107974a,78
4ff518045,32
e68f95550,21
db53bafc8,5
6b7f80246,78
77b8cd935,34
7e61b7ed2,78
2ddbb0f83,78
743a39958,32
0993a96fb,5
88735317f,34
72d1bf434,21
57a59f1ae,32
c3222a379,34
155fda1aa,32
498c0b419,78
26d9a1072,5
78b988645,32
ffed2a555,78
fdc6bab48,21
0ed9ee6bb,32
1f411d101,32
887fb3ff6,5
ec07ab0f1,5
dd33d59f9,21
111581957,32
679f13cfe,32
4bf1812c6,78
8a8fae985,32
57af706df,5
9d375712a,5
97b3e2eb1,21
6366d7061,78
4f87dd5ae,78
c85a1d564,5
2af4172c7,78
1b4a28bcb,85
0aaa84d90,21
fb5b6c2e7,21
f69023f40,32
9419289bd,32
b57f26c3b,78
c1390c263,21
9cffa1c67,5
2ea467d26,78
4ea0a3352,21
55dff9997,78
5567bcd26,21
4a349dc90,78
90956475c,5
35c0567f1,5
7afc693b8,5
b7ad587a2,78
c1435ebc0,78
25079853b,21
534764190,21
ee9242d3c,78
18ad828b7,78
6daf9a7d6,78
ee578c08e,32
b7a815e07,21
c63427eb2,78
27d271279,5
04758b7d2,78
1a25cc01e,78
0aebb315e,78
0c076890a,32
6c8eb5daa,78
a20b98b33,5
5e2f03974,21
78c58095d,21
8e681fe39,21
cdfa5a4b8,21
d314c03fd,5
3f5c2bb22,32
5b3de280c,78
c3a60c66b,78
95a484b75,21
82c3b7f7b,78
0094a72e4,78
627e5cd5a,5
2e8a14696,32
18414db75,78
a5a71637f,78
8e66ce122,34
0cd2a25e5,32
4fc561f03,98
e0fe7e2d0,21
5cc548c43,21
e7661164a,5
e2372e47a,5
9f0f27251,78
651a0b6cf,32
097dde704,5
025c07b54,78
a45f859f5,5
909e04f8d,32
d8749b8dc,78
e1499d78e,78
6b8989275,78
785e7d196,21
c54d38d9e,5
4f6762363,21
c08671252,32
e36cefcc1,32
c548ffbe8,32
d85f2a17a,32
4fa678f28,5
bd35bb1c3,32
ea41e95b3,78
5c54f01e3,78
ef8f495c8,21
3fbe83f91,78
54dc06c7d,32
0313e231a,21
b17ebaed0,5
3aa882bbe,5
1513105d2,5
5255b9b6c,32
b64db46f3,32
7748f8039,32
bc9873f0c,5
36c544e98,32
cf3bba4c2,32
875510d5c,32
903d6d1ee,32
58f68539c,78
0f9da9757,21
3b79d913d,32
a15f2da3a,78
8182d588d,21
2e9790332,21
a51dbb7c5,32
754250691,32
dfff0c929,32
ee053208c,5
77ad23821,5
05071bc4f,32
96b2a73ec,32
9ddb372cd,78
61f237fa5,32
e0a96117b,78
b5fd782ee,21
98cd24c97,32
53a05f5ad,78
8925b37f8,78
b2d9ede68,78
b909b96d7,21
74b98cfd0,21
1f42a9439,78
86afbe278,78
af8b9e043,78
a4a05f743,5
7e25fdd6e,32
d0661be31,21
bcebc0b3a,78
1c64ecac8,5
18fba1554,5
200cac2fd,32
514b8d03b,5
5e0e038e0,5
abea787cb,78
794b67c42,21
7300f20e6,21
b9f422445,32
1867b3487,5
167bb4270,21
6a3ce1e4f,5
14b62edb7,5
fe80ea2ff,21
37aab2807,32
085ed175a,5
455ebacb0,5
6dfa10ee9,78
117551743,5
dbc79f0f4,32
a20b7d9fa,78
0be01212b,5
103a5633a,78
6eefb96f0,78
35975d1ab,32
7600dbd87,78
e6b713626,32
603490d95,21
8d6e9cd06,21
d00342c5d,78
bd401fd21,5
21ea59543,5
d9cb87ad0,5
f6fe43282,5
556f2c5c6,5
ae05e03cd,5
5f91412c9,32
6485978a5,21
ecadeb0a2,32
eaf6fbc84,21
b46f208b1,32
0edbc1625,78
2ecf2e9de,21
4a99afdbb,78
6d16c986c,5
f73820e9d,21
64a00a8a1,32
19466d61e,34
c0ecf5eb5,78
ddb15721b,21
29d5a8bd5,78
efcc34447,21
5d238f402,32
9d3360932,78
2395c9740,21
ae6ab4563,78
6cf4b47c1,21
8afd1d330,78
1b0684dc7,5
b8f76869d,78
8d6118759,32
d8f8bccc5,32
02d70ed11,78
4cacbf1fc,78
715656abf,32
e64905c2f,78
97cf2d9a6,32
269d88554,21
4c039d563,78
b108950de,32
50749d154,32
38477b2a2,32
6c360b751,5
69dd8b98f,5
5ff5a39ea,5
bfe670846,5
b3deff050,78
baa258007,5
1a33ad4d8,78
73654808f,32
fd0121113,78
6034d93d9,32
057cfa1b3,5
43fd926f9,5
919aa404b,21
3a9b30bf8,21
5bddd9a50,32
e557fab37,21
7cca3e7ec,32
7859791b2,5
3cade7849,21
6c77db7f1,32
b335b5bd7,32
44fb03a32,5
5cf823995,78
b9eed2baf,21
b5e238431,78
5a078c961,5
0a90e5cb9,32
50a98f706,32
d1cfb6a0d,32
30e82e694,5
afa405f0a,34
0be370901,32
6fa36a899,78
87f8091d2,32
e8e62aa32,21
ae4b7aec3,32
5d56a12d9,34
78ceb6218,32
6be94f8cf,78
40ded13ea,32
3537c6c84,78
d81994ed2,32
c11fb922f,78
1375fd010,5
346182497,78
61ff4902a,78
66cfc023a,78
fe214efde,78
0b8333bd9,21
b364a9362,78
75e6b445c,32
d4e9355ef,5
4abbf6ecd,78
64803f8fa,21
5febcda99,5
811acf839,78
8c7950b1e,32
8073355bd,5
95c77ab53,5
57a04f0ef,98
e91e87dd4,32
5f66aedb4,32
6ed6b136a,21
972c95932,5
de757dbb0,21
ae8e3af92,32
991108b09,21
96a197cb1,34
84fc267ba,78
d5cd9674d,78
01520f1c3,78
93af01df3,5
a1b220f98,21
d5e054427,5
43f34500d,5
67cb3cf97,34
d66dec02b,5
dfb5140d1,21
d01453352,21
132144011,78
c590e76b2,21
f53f2f68b,21
53033eeff,32
67d5e3bf5,78
790eb61fb,32
cd4bca93f,5
6309c0fee,78
eef5aa7f3,78
1adf45393,21
e665e264d,32
d82441a6e,78
a71e2481c,78
786ac2686,78
d9d6e7525,32
3bd1136ef,78
7d33fa1f7,32
27455ebf9,21
0ea98df12,78
9b608697d,78
ee58ae806,32
a391d5adc,78
9be9e90cd,5
57c0bd843,21
1bb8d0c39,5
7965e86c9,78
d5198c9f6,78
f0abbb0a3,21
85d27a16a,32
054de124f,5
9f9578396,32
a98070f17,21
abd803ecf,78
75607a399,78
b078f662b,32
caa1dd6ea,21
6ec67346d,32
c301cdf4a,5
8a5e8c715,32
18e4061dc,78
54620ca30,5
98a3b2209,78
1d9693978,5
876b105eb,5
900f1f50a,21
b7063973c,21
6adc43d81,13
acbe731d1,21
1a902c080,32
7ff8d6f85,32
c32f14d9e,32
9750fe0c2,32
eb1ac3552,32
09bc0c309,78
cef09a713,5
35e573945,5
bd049d019,21
94ef8e44e,32
4f14ea184,34
ef123cabd,32
52e436680,78
eef606ee4,32
c87d22df3,78
5376bd006,32
a3b63b1f7,32
1d3399cbf,5
ffcda7d10,21
72f51631f,32
0b619448f,32
b62a1a945,78
9a3a414d4,78
e163f8333,78
34a95a94a,27
ef591cabd,5
bd3518b92,78
76311e00b,5
2e31631e4,32
690f1dea5,32
875d61521,32
3f3cfc6e5,21
ac263553a,32
033f56581,5
bf8a78505,78
e23369e1c,5
82e9c6954,21
0502ffb63,32
ae6b4c59b,32
f9a14ea8d,32
093f50986,78
4a42f34cc,32
32bcd07f0,21
a7855a3e3,21
8b2b9d6c0,78
12c03d834,78
237c95bc6,32
463545278,32
386369977,5
f48aad6a7,21
68e87d794,78
ee64fb7d1,5
a5d650b37,21
9a8d29f7b,78
4b0320af7,32
63ac3780f,78
6be539abf,5
1beb4e8ef,5
b8c3f66cf,78
a17d53e19,78
019a2efb9,32
4546ad0cd,78
1f5a8d8c0,32
b27c04f88,21
3beb40bce,32
509570780,32
c05075421,78
8a0b0f47a,32
804f7c7a6,78
53d1111f9,5
c6fdffb79,5
0667667be,32
1ec665f37,78
39c5bb98a,5
90b57e4a0,78
7af3ecde3,5
dc40a9854,21
cce4b16f5,21
f1babf32a,32
3bb893d48,78
333118494,34
fc6b8b594,34
d30f4ccaa,78
c0a9efdcc,32
2a017a2ec,21
0ef6a4923,78
99f5a507a,21
50b7b51b8,34
a9a1e0332,34
3af79d01e,78
2194ed33a,21
e6135dd8f,32
6ee6d6c48,32
7059b2c59,78
465f2ddcf,32
2a499fa40,5
cfbc79ec1,32
d0411902b,32
c64eb3a36,21
5f729cf60,5
1226ffc63,5
3be259713,32
5dd6b63d9,5
57d9b8302,5
a5b604f04,32
757e27b6b,5
1706c5144,78
a7af85579,98
d9e7e7723,5
b8c434ee9,32
baa0d1cb2,5
e3b0ff721,78
a1a26657a,5
d08d707db,78
d89e84047,32
a048044c1,78
9256e64b8,32
4d88ed603,32
fb8be9bfa,32
0f0ccd222,78
ee19b7f65,21
63ed2755f,78
702cf1671,21
72606e8f3,5
b125a5970,5
1d3f0519b,78
4208f72ba,32
2fe816ce2,78
e6c9612bf,78
368d86c92,21
31dec703e,5
d75974136,32
2ef28fa69,32
77759374e,32
624196c26,32
c6326ffed,5
d1655f52d,21
4194b2615,32
2c05dd6e0,32
a68286bc6,5
832e7cf1f,5
0dc507ad4,21
f986f94f0,21
c87c12901,5
e2987599c,21
5df38050a,21
5e2125e43,78
26a12de02,5
3ff83ac2a,78
61290cc43,21
c701bae84,21
3a81df4d4,5
1a9d0eae3,5
7d759eb81,23
5a2911399,32
f99834b3e,78
d4c799460,21
cc9d66275,78
b241ccc78,21
a13d3dfa4,5
405a7d77a,21
251a8d95d,32
41230fe49,5
2072cd9f3,78
e6ec47b1d,5
d7388a066,5
cd16a306c,32
53b2da1bf,5
f89a5307c,21
c785abe6f,21
9b9c0e574,32
b9e60ac3b,32
dfc9c6a23,32
78dbf0e31,5
8a952300f,21
478e21c30,5
6e4cea791,32
a51abdf4f,21
ff889e23b,78
0cf6cceda,78
d95bb7f70,5
70d635915,5
85f57ce0b,32
7efb877f1,5
0c3928144,21
2df00f8e9,21
ef31624e8,21
fa612d18c,32
319090100,78
ec60dee71,5
27bf39b00,21
1f244d315,32
212081efd,32
67056dfa6,78
cd4b41085,32
4abefc989,21
2cb2c881e,78
1dc234d6d,32
3cb2f9e9c,32
6521bc49e,32
9a4c23eeb,21
cc9cd7803,21
50de80a98,32
54f73d67c,21
ba9e33af2,78
dcbd123a6,5
e58b03040,27
a91426ca4,78
141fe61d6,32
c7dad9e04,32
8af7864d3,5
15f331c1c,32
9a4b0da88,32
75d255458,5
8e2b5a31b,21
ff30e8b96,32
e7393ca3b,78
0dd7f1f16,5
53ef32294,78
662f8bc0f,32
50a645c94,21
2f4c11e66,78
a2606d96b,5
6ca8991a6,5
c0de46b28,5
4ea1d0d52,21
7799eb3ef,32
01492b421,21
0d613de49,21
466f28358,21
743c74763,32
237fe1fb0,78
cb5c98667,21
37822e7db,5
fc7c304b6,32
4d9a5c0d6,78
e48737634,21
8c8ffc7cf,32
316c28a80,78
6dbeff852,21
5252bf766,78
fe590ee52,98
6cf753c72,78
9dc89dc6a,32
9bf7190d6,21
c5fda34e8,78
dde1f48c9,32
fbc29acc1,5
9eac41e56,32
0b624f751,78
82fdb1afd,32
526449d16,5
ab3210eac,78
f14b84f95,32
9b1d44428,32
f78d35dfd,78
f250dd64e,32
6db87048e,32
d6f707315,5
4bc218fab,5
e6609d48b,21
274f4bd2e,5
cecc8c55b,32
228f748d6,5
e33bff353,32
db9eca137,32
bf3116d78,78
2f4739680,5
0a7989f52,5
0fdf5073b,32
339430425,21
a73efac60,21
ef9591f3f,32
ee2b50aed,78
f92de8523,21
e80ddeb7a,5
4d1ef02af,5
2688f98e3,32
9ec15c151,5
da2d9bde4,32
98e5cf2d2,78
44c94e8b0,78
af70c8cc6,32
3accec78a,21
366a3d04f,5
b2104558a,21
eec3f5ce2,5
12b48d46f,34
6308fe124,32
b1ab363dd,32
e34772216,32
d0e21eef7,21
776074cae,32
ca0113f84,27
f90c673f8,32
c3ae73094,78
5586807d4,78
b983a51bd,21
6a0b33f79,5
e56f9fd6f,78
d7d866216,32
63348128c,32
dd754aab9,21
7e4a5d836,32
51493dac7,21
32a2079ff,78
3bf2347ab,21
93cdaddc1,5
801d0d3c3,32
d93bfff1d,21
b145fd2da,78
a567d4a59,32
648319d0a,78
3cd423fb6,98
675e1db7e,32
764a3885f,78
03ac6694b,5
8d2b32b02,32
f35bfd300,5
c83825f6f,32
a99ec466c,5
f58d7487e,78
69a8e84ba,32
5da84086e,5
94c8329af,5
da6606b4f,34
4f1f1670a,78
dacefb140,34
665bfe8f5,78
362fbf850,32
5fccfc9b5,78
94da0ee7f,32
5e0cdf39d,32
b339d0a61,32
3b9e7a8f5,78
317c8b0f1,78
8e5430d77,5
71cc05cc3,21
75540546f,78
c1553af6a,21
1972bae11,78
8fe181d94,78
613831ee6,78
38f3a40a5,32
b5cc43bfa,56
666d25d39,32
826712f91,32
f6482ab55,32
6f84aa228,78
fef98a71f,5
7d2f35248,5
878e5d725,32
c223fc7dd,5
477aa8655,78
500c28291,34
fbfd9cd87,21
2a872a9ef,21
2ccf28e9f,32
943eef63e,5
c4970c739,21
c46b163d8,5
38faa7eb9,78
5de6bcf29,32
9428dd133,5
e1494fbde,78
ba4caa600,78
328aba75f,78
3ca2ee97f,5
7d6edd6f1,32
527fe834f,21
d14992eb2,78
c0fb3bed8,13
35dbda91b,78
587e9b784,32
c5f4134e0,32
15a4485d5,32
8cf5bf4df,78
6fe85feee,78
3b3341edb,21
1e73b74aa,32
483a8e2d8,5
317b22963,78
57a2e8995,78
7927ce9c6,78
aeaf5ccbb,78
92cf0e905,32
00c12e4ff,78
ba32fd161,78
b04f7be54,21
5ce48d24d,21
da9ed562f,32
03e5f5846,5
329793680,78
f3ee3f7ef,5
fbfd88b1c,21
02c52b451,32
2449b5518,32
d5888b919,5
61b1040d7,78
26d1c3498,21
a2d9d460e,32
8b5155f07,5
029c37998,32
7796dda43,5
805e9a7b0,78
a6e295583,32
e1e5687f0,5
516ef6822,32
f509e2cff,21
b909de36d,5
9d051fef4,21
bcd77e220,34
582a4afd0,32
0835292c7,21
5f8f53f23,78
2f57d711b,21
6dbf25622,21
a5eab308b,5
30bfe5b05,21
0847f61d9,5
3231b476a,21
609230590,5
2e211accd,78
d57064ac3,21
15bcf0bc5,78
9d65f5961,32
54eb01070,78
ec15f805f,78
1eb6f22d5,5
6f6009530,32
154f5a75b,32
8c026ccfa,78
52491f753,32
b45b3f474,98
cdcb45570,32
6ea1e9ac0,5
7b38952f6,21
abaee2413,32
12fdb3200,78
0e5ddc603,21
f1b51e257,78
79245d0e9,5
929ac8834,23
76ad6cdd7,32
baf415f07,78
79c44e828,32
a007c4ce7,5
da0416b3b,21
14024c433,5
bc2795b7c,32
0fdb2e372,21
500ac8bc6,32
b448720a0,34
bfda38c44,78
cf087fd47,32
4244d98b7,32
3ba519bb8,32
e7bda0661,5
2406dc526,78
212497b97,78
d01d8d2fd,5
1d0cc3798,5
a1d2cd9b9,5
9333ee3f5,5
f2defaf74,13
42105b5fb,78
23e9b2025,78
3f36a62d5,34
b687e4bd9,5
2c9dc020d,78
fd5eb7e8c,32
b7ecbd370,32
2c670a497,32
da76579e7,78
98b1475af,5
96112131f,21
3526d7815,78
40d992dc1,5
6433f1917,78
3bef19347,5
34438649b,5
99b3a15e5,21
3feba0f46,5
a1f8b0936,78
c12330d34,32
56737d31f,5
9ae160f11,5
4612e397b,32
ea602cdc8,32
a7b95dad7,32
92782ef45,5
77d850f7e,21
9944acf36,5
1b474b251,21
3f7fa081c,78
2bec0d2ea,5
45a702ee8,32
ada0d1354,78
92a289926,78
9154cfc20,32
78bd1cad3,21
f552eaaed,78
cc98ccc8d,21
83c2057bc,5
92aea1584,78
2a18f7ed4,78
d81c315b3,32
0950aa4c0,78
3dd3823ba,21
c1d072b0f,78
4434ef42e,34
d9e1e54c4,32
e64bd2b5f,21
531165006,32
8967f7f3b,5
f73a6bda6,78
fe195b05f,78
27aa48f60,78
21a0ef857,78
8d4598be0,32
cb80e17f2,5
544ba8771,5
9367b53dc,5
209e45144,78
471609fe8,32
8e6591362,21
086d87731,78
a0d752238,5
261838dd1,21
d70fac2cf,5
67fa9ad3f,21
315a148f3,78
f8bffd3d7,13
3070b77cf,5
d0a99b293,78
28f52a866,21
5e287a0e3,21
d0f992c31,5
c980fa8a5,21
151e1bb21,78
9eaf1170e,21
d7e737749,5
f302f29a2,5
dc9af495b,78
78a91fc04,21
185f4651e,34
d852da76f,78
032ca1556,32
9b7ad01b5,78
32bd3826f,78
922e45d33,32
1bff5085b,32
3070a069b,5
8f7809cb4,21
e6c3f8ec8,32
a29efa0f2,78
fc4e189da,5
82c248395,78
43a84d203,78
9f2d4991f,21
64581ef78,32
b9bae6b0e,32
a8de792e9,32
f1deb3cc1,21
4e4504ced,32
aa8eef48e,5
42ed99f8b,78
1329c5b4a,5
70501f63a,5
218ffc7c9,32
351f462dc,5
e6f327757,5
3863b7205,78
23f7b7a7a,32
abb6d81d5,78
459adb9c4,78
c9d5ec522,21
45a36938c,78
d974a8a25,21
b6a36c182,21
410641125,78
1e26604ea,21
e69a97f86,5
04bc5ff61,32
985c8a491,32
dd102e397,78
1dbaa5744,32
4bd5d4982,5
90a369187,21
0e4cdf053,32
69a2f544d,5
ef7856a23,32
6b57e5a58,21
77a987385,34
7cc60fb22,21
9fd265646,21
baf87d0e3,78
9000b5760,21
c4a376520,32
9d7b004b2,32
80abd878b,78
b25c080d9,32
f92ea03e2,5
afd01aca5,5
1c7354786,32
392019a2c,78
5345fc847,32
d782603ae,5
3e7ae2503,78
aec93bbc4,78
c3c540406,78
2cd58674e,34
1abc6d06e,5
6e3716497,21
1f2621b4c,13
dc77fccc8,5
b3cf1a86f,5
f7fd08c1a,5
690f47487,32
ad9aa2ae2,5
30c74817b,32
b99ddd49b,5
37377ab6b,78
1e9cf8264,21
6e1842cc3,21
4afd54574,32
6abdbbd7d,32
9556bf430,78
817066a16,21
75dbc2c81,21
48e65f113,5
8919d694f,21
0dbbde2b4,78
e39fc5430,5
724560f8b,21
563f7b16f,21
7cff9aa7b,32
735b3631b,5
8e8f25c31,78
d50341097,32
492569251,5
3c525cead,32
b104b01c3,32
fbc1f1f89,32
ebd745005,21
994db92ae,78
e53134336,78
a7756b411,78
a94c4d821,5
fef2b59d5,32
c09ec978c,5
3353b9bda,5
4bfdc5664,32
d15a4d94c,78
dd7ae60d1,5
b52d8f0a2,13
e028101c5,78
16b00a5d5,5
78235a81d,32
343a80f91,32
fef9f8524,32
f9dcd69e3,32
8361e9b86,78
d08960735,5
57c274565,32
0ef6541f9,21
9980474e3,21
c8bff789b,5
a534b0f16,78
e269805f6,21
450dd240e,34
52171b028,5
e7b039312,34
4e1eb807f,5
cecb3fe1c,32
e7d33e06f,32
9403b3f86,32
01c00d9c8,32
014809654,32
8695f4633,5
5bc0988c2,21
61f3da6ae,5
e3fc821ef,78
0ce7adbea,5
b731c25d6,5
8fe41c548,32
a07779d6c,78
1b426a50d,32
d8f1c6f49,32
1600cce78,5
be007fe7e,78
d9d483387,32
5a5cc97ec,78
9dfd91c6f,32
fdaf286c6,78
71c31d4be,5
a82ca5b13,32
0e7c4c272,5
fd3fb66f0,32
1c074bd0f,21
3d6f46c76,32
a7f5360e0,21
3d5479aca,32
d753dc261,21
a76840623,21
701d4ac2f,5
29ee6d680,32
0497c3265,78
7514c8182,23
fe1857f3f,5
b5eb21e9c,78
778808485,21
f80f02286,5
9c1a396f9,78
13fff11ed,5
8175828ef,13
ad494795d,32
9edb00dfd,21
e26d85d35,21
b6fbcbacb,32
dc8dc1ad0,32
9b444719b,78
f6d873abc,21
db789a901,32
74bec8798,21
1fe55a939,21
fd3bba010,5
5fbdf775d,78
8cccd4aa7,5
88c6b5f1d,78
9af5f572d,32
2f29a2a9c,5
12d007adc,78
43df50ed0,78
16ad94559,32
5fedd16b9,32
f63a9b6fa,5
ddb556ab6,5
debf90490,32
7c2d22784,21
444a5e9fe,32
61b28f8bc,5
ec55c0f86,32
ec3f90c05,32
7cb5e6b99,5
bd439cf5e,21
358cb6a28,5
fd88bb2c5,5
f638a96fd,78
9f5e5ec3f,21
2e0dbcfbb,5
df8c1c48b,5
b24b4ecc1,5
9b7918a64,5
3c425da53,13
fee9f7c67,5
41a9e2617,78
73b47d713,21
55da8e5b5,78
8eed96f65,5
47664da16,5
97ccf888c,32
00450d304,98
96109449d,21
0db5748ed,32
7698bb454,78
025960a54,5
ee40fc4e5,21
aee5c9b93,5
7d0e7bbd2,5
01262c8b3,21
e1f685853,5
fb85ca687,32
a3d8cc563,5
efd7dff01,5
6eb8b8e84,21
70ef6d8bc,5
61ceb0f5b,5
916ee9985,21
711216a77,5
d482c8cf2,21
af4d8f92b,5
285e0bc7e,5
1ca3b1ec9,21
fe7857419,32
f35bba490,78
004b88e09,78
d3d08e737,21
a9f0935ed,5
318d049f2,78
62728ae3b,32
7fad74e0f,32
197830e87,21
9011dddde,78
53622739f,27
6f725ddd0,32
57b0ac4e3,78
8b4dab7c3,78
e925b2ba5,32
3d3dbb521,21
fabc19e97,78
7a512bfa0,32
a94f6dde1,5
9dfc925a1,27
388606357,21
4831ae48a,78
08031b106,32
4d0229802,32
31e5dda95,21
5c597c7e1,5
3a17f07b0,21
487a6f05e,21
91433794a,78
6c123c407,21
8304d7230,32
419424bb9,78
3cf641526,32
70be85fb4,5
8d36d1fd7,32
71c381469,21
ef6a25c92,21
a4f827652,32
67a4a4d91,5
8cee8b405,78
a7fcb3749,21
aead648e4,78
4342207cf,78
1ef2e4de1,32
08820c254,21
681e2b154,21
57bbb106e,78
a0d5a99e0,32
96993f959,21
c753eb6c0,32
f809ac529,32
c3565844a,5
c8baf7ea1,78
b846a9ee6,78
de996c4a9,78
4cf56a9f2,32
d71ba33b6,21
9a6a82b59,5
bf9e90a5c,21
67eb6bb6d,32
12fb0107d,32
960b40f5f,32
7f6076e29,21
da4a55d56,32
ea85ab37b,78
610314687,78
9d44bd787,21
be3a7698e,5
a475599ad,78
e0151da58,32
2d9284433,78
3fddc8eeb,32
d86ebd20a,32
a43f7fc0e,78
b0f5e118c,32
8c17a992a,21
224d2ad17,78
f5ae2d10f,5
69d14fa3b,32
0b5c8e646,78
a00b723d8,21
139bec7ca,32
7e53bd3db,32
db0c2006b,32
856565e67,21
7d7a8baeb,5
64a8fad00,32
e88d42b8b,5
ecf64f4f9,21
b9204c339,21
302e11bd2,78
b273a1ca7,5
8d195e4db,78
4a530e1c1,78
c232077ef,21
0422f8181,32
272457fe0,78
6c51e020f,21
117831b8b,5
3d4a5ad3e,21
269695569,34
c2ad42df9,5
d0cd8ecb5,21
b3acfed2e,32
7089f8683,32
83b0ea85f,21
8c39d1b41,78
c55a2af2f,32
7a8d95cdd,21
89ef3a121,78
35eb134af,78
68510e311,5
1a993f386,32
4c4fda276,5
56cfcf9da,78
c1c9a86db,21
dc2ff7073,5
e4f8cae75,21
ce60e5f2a,5
e6798651a,78
6c95b6248,21
7f71b69e8,34
71c1f0507,32
c180f1160,78
32d9fa7d1,32
bb298dcc5,5
932aeb630,78
b67bdf3d5,32
b91ced576,5
eb478b7cb,5
b7f261913,5
b78e121dc,32
250af268e,21
2bddd2904,5
c70d94083,5
f4dd28145,78
97dfe0bfb,32
a1ca4c928,98
06f00d362,21
69bdf9905,32
6959092b7,32
80d50c469,21
764a98598,78
cfdf97182,78
b868bcb9b,32
b7882444e,21
3552b2954,78
570029ba3,32
a85a06d9b,5
37b58af62,32
1a40b279c,5
ebc7ae3b0,5
81bb11926,32
28c5b096e,21
57abd6d16,78
7c9adc043,78
54b876ff5,5
7e1f50feb,5
2c302c916,78
f718d5fff,78
8228ed988,32
83bd193a6,21
f3b8a1077,5
b2cdea1bc,78
1ce1a7e34,78
885d5d2ef,34
c354e0d67,5
f2f66f2c0,5
d8f64062f,5
0d7eab0ce,5
bd6b0dfac,32
562b2d688,34
815b552f8,5
1b7916b63,5
2c54bc2fb,5
078233359,5
ea6121903,21
b9e513369,5
0999994cd,32
e45a03866,78
0af1026b6,21
aeb1a52fc,78
5d35e5409,5
db2bf0488,78
10b54687f,78
ea32570af,21
c27d9c294,5
2e7d74e55,5
78c19e86d,78
ed429fccf,78
89e147dd6,78
a5b6a29c8,78
064a230b7,78
0b9edd8f9,5
2b4605245,32
d0b48815a,78
943e13c28,21
eb4bacc7c,32
2ec187152,21
d8f81ecea,32
f21f7aba6,78
c1e7e7867,21
1f38d6778,5
b1391f097,5
43382559c,21
88226300c,5
cd3c07f1e,21
ca9c4b1e1,32
08a78ffc3,21
9e011c986,32
377abf496,21
a0dfbd411,21
ff6213278,32
11ed4fed5,32
377240bbd,5
83abaef21,32
ed849ee3c,98
3eaf5a947,21
36d0c85f4,21
69af53dca,5
30802b47e,78
5f274a6ad,32
4a03138df,5
9e421d059,21
5a86ac765,21
4cf1de29a,32
9dfb86d81,78
8e75c9098,5
eed177624,32
3b518d13b,78
0571dcc03,5
816ada493,21
0b2640e87,78
df01d58ca,5
2a60639ba,32
436f2b8f1,5
e72ba29c5,78
f8aff0cd2,5
02b01a158,5
9d98f7c9e,78
2e7fad027,5
f9eb9c412,78
374452b3b,5
0c7c4d0a7,5
6953f8992,21
888fb3305,21
792e61b1e,13
44903b337,78
767a87c4e,34
42d890962,78
a6e42d0ec,5
01a3fdd52,21
b0e07a930,78
14d0bc36e,78
1d49676bf,32
fd5cd4e2c,5
e98492667,32
4ba2dc197,32
fd1ebe8cb,32
337187c30,32
8af4a8896,32
b8bfa2b50,21
797da59fa,32
b52c3c500,5
39b18554c,78
23ea13205,32
536c83e57,32
8b293a45c,21
875858dad,5
b0d0e7cd7,21
aaef221e7,21
369e356df,21
66cf381b9,5
6b47e8357,5
a4d628083,5
5b89103cf,78
0ed0741d4,78
2e21540ac,32
7d3786848,21
40fc0d8ba,5
a6ad089f9,78
a4cd1d43c,78
aa118cbeb,78
f0f7de90c,78
6af290ef5,5
fd44aaefd,32
631f04e66,5
d5ccfad53,78
76e3166a8,78
a5d4584c3,78
ab6404be4,32
deb71b934,32
500c6294c,21
785f14a23,78
8bae211d3,21
e256b0ce1,32
f95d4b24c,21
486715238,78
dc5498af1,5
c5d48fbbf,21
c2ddc15a6,78
a024aee0f,21
2a608c0db,78
c199140c3,21
d82a21bbd,32
589fe7959,21
f9c931893,21
d6c7e918e,5
18c7b92b8,78
e46998f4d,34
523df966b,32
52a88af32,21
0b9afbdf2,21
f267d94cc,32
8097bc805,21
f1184530f,78
2f9bf2b8a,5
8f76524a3,21
c245c24bd,78
6e08cae12,32
0f33f1ca9,5
367f0d3ab,23
09780bc52,5
69e41bdea,98
0039e54f0,5
f969c00cd,21
53be7448d,21
e6dc466d6,32
a6db70773,32
5d3f635c6,5
a0925df64,5
37bd7591f,32
30eaaa6c9,78
960cb8c40,32
f2cb54027,78
165378703,5
7dd20f99e,5
f351a6e43,5
45655caf4,5
add649c7d,32
26d1f0e73,78
8257df18f,32
8c102e395,78
36b0477d7,21
cbb2dd81a,78
705344bd8,32
814e0e21e,5
44d4d79f1,78
e203d6713,32
7b3780a82,21
f670aa5ac,5
d25115245,21
b547b5949,32
c92860c63,78
0b1ddcd93,5
1c39926e6,32
2eb1d2313,78
8846a7457,5
cd27460a9,32
0e62ddf15,32
88be303e1,21
2cdb115b6,78
370fe09fa,32
05b14593a,32
bfcb81efc,78
8fcb4c7e3,5
e161af94b,78
4f363e9db,32
b52dcfa52,78
f84335116,32
4bfdf517d,5
6bb4e9d41,27
250f30059,21
90452c872,32
2abdb1c5c,78
fd168583e,5
559dc9594,78
5ff57970a,32
dd1e506e4,32
0e8760c38,32
f696ea622,32
0a4ddf5c2,78
6285f24d7,21
adacc3a94,78
8794f7787,78
811add27f,5
58605ff84,32
74fdf6cc8,21
ed43b8e78,5
54281d31a,21
eec53fb8d,78
e91cb4f98,78
4e9ed92fe,5
15b77ba34,32
b87d8fec4,21
cd703e25f,78
4d8731d6a,32
87c39a44d,78
5ecc1c8bc,32
26806e9cf,21
527da06dd,5
dd959de66,21
bfdf112fe,21
38ea80b60,78
7ba1904a2,32
910b97274,21
affce3819,5
5b9de4b19,5
2a94eba93,5
06006e0c9,32
b23e435d9,5
892426d11,5
25405d6c9,78
a1ecb0622,21
c6ce2c1ae,32
b2b4ffcd2,78
0b3a02b48,21
2f0224a9f,32
92e74b080,78
9a1c7e11a,32
083c5dcc2,78
f5277593f,78
147e5ef99,34
a6e0df6f5,5
dd4a193be,32
81c8c5199,32
a8efc4d66,5
23e50dcaf,32
2fa8f8b85,32
3b71397a9,5
aa12729de,78
88e6ef51c,5
43fdb00da,5
7c3055bc8,32
65bc00f77,5
80acbf30b,32
9d13c547a,21
06ad3fc5c,5
529e8c1cc,5
18377be3f,21
688223573,5
5aafe07bf,21
e8d193a43,78
5ff30ec8b,21
49292d94c,78
289e5b823,78
217fbb923,21
4a122e0ad,32
80468179b,5
3744d58d1,78
babf57037,32
ad6d4b44d,5
68b83ad56,32
f33705a47,32
6899ceaca,78
46f943627,78
462eb88e2,32
9a55c6f1b,32
fe1fcc972,34
903bde9b1,78
62a7c181d,5
54b444711,78
870b7fc50,78
d615fd16c,78
4c1941cfc,32
ef9f75d12,21
9ed93a956,5
9121b3849,5
679f0dac7,78
211c90566,78
4abe117e7,5
6bd4a7ab4,32
065817704,78
725cc0c4a,21
89c19cf37,32
10c4c8d44,34
47aa985a8,5
7949b71c3,21
13ae95d53,21
3eb77db12,5
af2a02abc,21
1d88115ad,21
4fde9d58f,21
1c4ad0e13,21
303979023,78
3dc7bb76a,34
6251c33ea,5
dca3a0787,5
026d342fe,5
35a08a010,21
f09cc7902,5
0fa462f68,32
f50280136,5
3267460df,5
db8b6aeda,78
b3541d83a,5
eae09f119,21
59265d2fa,78
f347c4666,78
07f8cc8ca,21
84fece524,5
f83f81e9c,5
38b929b8d,21
e69fde9d7,32
afac3a5b7,5
216703083,5
3c4dd2705,32
c2fe4e836,32
894eeb28d,21
245d80d97,21
6581fb5fb,32
94e8795c1,5
cc055150c,5
ad85435d5,32
0509887de,78
b651d313e,32
7b38f9919,21
04f9e9721,78
7a8a88b42,32
b4a235b93,21
d1eebfd7a,21
ef65f22fb,78
98fae1d61,32
088864629,78
850acae7e,32
cbe14bd98,32
9b9e080c5,32
fba0bb7e1,21
ba757db32,5
11b363237,5
4cf202ebb,78
161acbde6,21
a991b14c8,32
f029a3429,5
e82bb0f6b,5
be06b31f4,78
f7034380f,32
68cd38577,78
f6ec8db9e,32
86c0fdb4c,32
3288217e1,78
c298d16b3,21
37a4efb7a,34
6a29fea52,5
2d1ee50cd,5
e4cac2e07,32
d4bfe24fb,27
dc5ba9ff5,5
8ef339ee7,78
eb0d37eab,21
4249b8e73,21
3f39dac7f,21
9390e29ac,5
69930f05d,32
7a2a38d8f,32
97beecd94,5
343f4db58,78
5b9059868,78
d3ad608e8,5
cd009e1a0,32
92d447000,5
f85f090f3,5
06846ff3d,5
437e2a9cf,21
a02dbf1a3,32
1914b6245,78
ae3a8a68d,32
1161f79f4,21
d01f39daf,5
27c74d8a8,78
c67210c70,21
675aad8ff,21
47e7d602c,32
f66e3a446,34
c25141a41,5
58df72bc0,32
9ca5d93d0,32
c359190d8,21
71d39517b,78
789e0279f,78
2c3a35bfd,21
25b587ccf,32
7cac453ad,32
4e8b618c7,5
a2d7f197c,5
2b71757d7,21
d6fba1863,5
edc4d0f73,78
ce2335977,21
27c66fcb0,32
d2ce72fe0,5
b382fd54c,78
dbe5bf31d,5
b30c2d7fb,32
14d3647ae,5
e9294bac5,78
2c73bd62a,32
2d6826d81,21
4091cbb29,32
0c4cc8319,21
0608f2ec0,32
d4afbe85d,21
a7ab2ef02,32
fe6889fe9,21
2e478a3cb,32
e71ef6701,21
b5fd14fbf,78
035d2bcd9,32
528c13be5,5
5eab13f01,5
74eb03c19,21
4ae7d6827,32
4a506053f,21
7d1794961,5
f938b8711,32
950a866ca,32
bf16e0cb8,78
3f36f3f32,78
85c997028,32
b41a52def,78
557900fde,32
8303a6784,5
e33d3b318,5
1e2c7b899,34
3acfb71f1,32
d8a5ce5ff,32
523dfab06,32
3c401022c,34
d8d29bcf8,32
6d7b4a632,78
f2a6cb1f9,78
543a799bf,5
b82a2a3d4,5
bfa9dec26,32
5a33a8adb,5
e46dce22e,21
6f9686457,21
f7457839f,5
9409f8d69,5
1a2ba059a,34
67873d67d,21
45093c3fd,21
117122b38,78
a781c6147,32
e1f2ff623,78
1886b234a,32
1aacc5bb7,78
53fb48abe,78
a3535e355,27
a42065058,32
bd1b3d191,78
fab4eca91,21
0862d460f,21
909b6223b,21
61e87e199,78
725611911,5
1a751ac8b,78
0e1199571,32
266ae8451,32
a8d7d90ae,32
e71ab3905,5
812b38844,21
491331146,21
8226b3a56,78
263d09ca7,21
139b1d751,78
bd0d92568,78
b0b2364f5,32
fe2c0a711,21
8ce0043be,5
c18a20c3d,5
3ebeb5ac6,5
4a41ae5e8,78
e3d055215,32
e964c6dcd,21
1fb364cd2,21
e69beeff1,21
d8c46cf4b,5
2309219de,5
565242c3b,5
d08be28c6,98
eea95e8a8,21
c0e30a258,98
20cbfadeb,78
6473786a6,32
c3bcd37c1,21
6d8432929,78
8c5ae49a8,32
b6ef5389e,21
343bdb4b8,21
4149127b2,78
51507f7ff,5
63a4aed70,78
0416248e8,32
8a81276fa,78
2a0a14e04,78
0d97ef626,21
bad7b9ba0,21
f38fe4cef,21
fac7af031,5
acc377b86,78
b134d8c5d,21
523ec62fa,21
fb02c411b,5
0555a95db,21
073a72a81,5
1d03ab65a,32
bac490985,21
431a635c0,5
d6e9bc323,78
64027156d,21
8404dd232,34
4719dfcaa,32
733de405f,32
47f7f9a06,5
884593f79,32
97b161e96,5
383e2e03e,78
452ec84b6,32
ad77c781f,5
6e7b662f3,5
110f7428e,78
3406f987f,78
05ef686b7,78
56c86b9c0,32
be1b79939,5
e69ddc9c5,5
618ad631e,5
20048b328,78
c8d684975,5
10c568a02,5
c8c92b3d1,78
f88f94471,78
e881c39e6,34
d853b843c,78
e44de523d,32
95d50723d,32
6bff70a64,32
f7eede84e,32
2d10d39ba,21
f2c6cb2b4,78
24cc36b04,5
83e64f32f,34
28ee705b7,32
88fdcd071,78
a959c7034,78
6f12632ac,21
35e87cd85,78
e752f8dfa,21
385bb724a,5
40752b008,32
1be394776,34
ecdb603e1,32
407df102a,78
5a7f69e51,78
630ddb37f,21
9416364da,21
53a6ecdc4,78
96cc54a3b,34
847ffdf2c,78
6de9b2572,5
f8326b046,21
509965df0,78
629436111,21
c0ebfe98e,78
4580f61bb,78
3e17385dc,78
6348a7b61,21
20e92f82d,78
ab35917f7,78
7f01686f7,5
37dea321a,78
488cd2512,78
086fcc48c,5
42f1496d8,32
90bb2bf7c,21
47499b166,78
deb571149,34
64dfb8137,78
6aae558ae,5
bf7e00572,21
75bbc4353,32
9deaf95b1,78
f796dac32,78
5a2c8645d,32
282e04df1,5
1dc077696,32
d66f375db,78
cad0e063f,5
5a83e84af,21
0a383f1bb,32
f0e0f2a32,78
e799e6e75,32
58bb4ddb2,32
37cb79b63,32
93178e5ac,5
adb78b73b,32
2aba48b93,5
bfefa1d73,34
45bd6ecd8,78
c4727766b,5
cc7981c1e,78
b8612fa45,21
057112f09,32
4e65f53bb,21
101551fbc,32
1c30e72d1,5
4b86a4171,32
3b932fbd0,5
f67795cc5,32
ff9c8d8ee,78
24ef54ca8,78
f3c989c3c,32
cb22250ca,5
7be31a9a0,32
4a9e8f7f7,32
067c659b5,32
fe6da2049,21
f62d1e472,32
cc16ab1ba,21
0a117eab6,21
8b5aa768a,21
6abbdbbe4,32
45c23ce20,78
c931dc74c,78
f3a8be142,78
fa1a492ed,21
c7acfdba4,32
2f2b2a1f9,5
8168ee82a,78
6036f3641,5
7cae1c547,5
0a63cce73,21
e3fb7b8e0,32
9f80ffecd,32
cc446554a,78
a6bda1044,5
fd311eab7,32
7257ec39b,21
d90f33907,5
1e793aadc,32
4a608f8ad,78
599713c6f,32
065c9b5be,32
79272fffe,78
e2aef08ca,32
4b8a4a3da,78
4134d5714,32
d665d6a8c,5
08ffacb06,78
c1f7fad28,32
d0007cc98,32
361e308e0,21
ac869f858,78
cb9adc4aa,32
3dd834459,5
9ada0d093,78
fc70a3b37,5
bcb18c6e4,78
9e9dda9fe,78
c762253a3,21
fc601ec84,32
504ce2b94,32
1e155978a,32
e3542e88d,78
5752ad3e2,34
f69e60044,21
0e5e79e60,21
8f04c2207,5
5934fec49,32
38765c6bd,21
510743b2b,21
67ecf7563,34
8024a233d,21
7f4a2f594,21
4fa22a6e4,78
6b1551121,78
4bb5a49ca,5
c2b8d96b7,5
063528d00,5
7ebeaec30,5
5924c5e47,5
385906707,5
09a438bae,78
f6f3f541d,32
b79cf00ff,21
21d31d208,5
f91c76038,78
c3f6cd0e0,21
2ffc025ec,32
656f4c5dd,78
1e954dd4c,21
98e101a61,32
d29cd9c2a,21
d4c65214c,21
a3355967c,5
36c7c4a64,5
8ab688113,5
b080d20f2,78
c9ae3ceea,5
3680129ae,78
aaa8e6d3d,5
dd9f61326,78
e8aba010f,78
258ff457c,78
a01133fe3,5
459d3299b,21
9dac30b0c,32
d278a4f7a,5
1fa6772be,32
d4ab600c2,78
6a273ddf9,32
bd3464591,5
8a66bd5fb,21
82d5f6620,32
7012b4533,32
4cd75e21f,5
4787424e6,78
2a5df761d,32
3901d45a9,32
0045ce94c,21
84b9be4d6,21
028852549,32
cfcd57260,21
92debc194,27
70077ecb9,78
77fbaf59a,5
c7d865058,21
b0f2342ea,21
71c57f5bf,78
818253773,5
2cb6d8130,32
6022f99db,32
b37712a07,32
2a69fa3a2,78
a030b3e71,21
496bb2adb,56
ae61e912f,21
5d0b6dc90,78
1bbcb152a,34
b10193db4,78
edc4bea12,78
80e758118,78
cb225cfe6,78
179aa8d61,5
7165bc7ad,78
91ed2728b,32
53d9b87f7,34
cbbc6e017,21
990ca8dc7,78
fea37b294,21
b7aca2c8a,21
00a7a6244,78
9e4dee17e,21
36af4c914,32
88de21f46,5
1caf8b7dc,13
b0c17d5c1,32
8c66b87c8,21
bf6653e3f,78
89ea4a518,5
ac63c6d38,32
a1c45a1eb,21
54d263a8d,5
32863f792,21
21c09e349,34
f7f77acb9,5
c22e3bf9f,32
7677ecd51,32
10f4c026f,21
20ac1c597,34
c5ab18c87,78
6c4b066af,32
2e494a369,34
728a12444,78
db95e1a99,32
b9feb1bca,21
d3777d5cb,32
6bf3d86a6,21
5ec9553ea,5
ab78481b6,21
d17ef4e5e,32
8745560e0,21
bc4c39336,5
98f577627,78
ec80c1413,78
d6cd39e5b,32
82856ba28,5
b72ac95bc,32
dc4f97c9d,5
2dfc47c2c,32
98dcdf215,5
7eed3c569,78
3dc8e9edf,13
8429cc1ab,78
773cb6978,5
508c39bfa,5
4a9a2ca92,5
710ee21be,32
99536c670,32
37771fa98,32
ea0b66dd1,5
2a69bcce9,5
4a98c96c1,5
47f7fcd87,34
623270c63,5
7b6429c7f,34
756c7c9c6,21
c3d234832,5
40073bdcc,32
e1b3d72dd,32
503c5b1ab,78
7eaa17466,78
109a722a1,21
1e28c6a4e,5
b86044a66,21
d18e36dce,32
36c65119a,98
50df03fb2,32
79c33f52d,21
59f5594d7,32
ae331a500,21
d913c762d,5
0693e839e,5
62eba5d4f,23
6a664ced1,5
d7d655c8d,78
fa0d9a392,5
5d375ac61,32
f9d24e47a,78
e24d7d290,78
f0f7be744,5
2b91acd3b,21
787c185b9,32
934408cfe,5
250f0fa92,78
504e1695d,78
822b2880f,21
d85ac7942,78
3c1645928,21
3756769b5,5
93c15dc29,32
c071b59c2,21
cddf33a9c,78
7153f9700,78
7b6338bee,21
3da7aadde,5
154896ab2,21
0072f64ea,78
2429cadb3,5
fe9040ec8,78
64923375e,5
fc220624a,32
d390d32c0,78
1f342e690,21
103a4a0e6,21
7dc21298b,21
2d46aba06,5
4fd1724de,5
e95ce8077,32
06a1a191b,78
155f68180,5
fa43f67ed,32
3f6b5757a,32
7e23f7ad1,78
055ca7ae5,21
fbc9ef0f9,98
ed1e5c7aa,78
d1511e64f,32
d30a6e9e5,21
7cdae8d89,32
41163300a,5
bbbc5f9a8,5
039b15a83,78
983130c4a,21
79e573478,21
206696cbf,21
3ba0b4f6f,5
60c188245,5
5574a3c79,21
1f0642fd4,78
797d44519,78
5bf457360,21
d062630fd,32
7e5967223,5
51b1f6a59,78
c3bab1104,32
9a6716090,78
57f44a56f,78
82b0ce34b,78
41c27b630,5
3d99a3247,78
c0b653e38,32
75e80fdfe,21
4ea7f54f5,21
db0212bef,78
93b56e886,21
d5d2c10fb,5
73356bf2d,21
d06bf1078,5
8893d08a2,5
6a099e4a7,32
2557c29c7,78
f5da36491,32
6db4781a7,32
d12bd1d03,5
916834e2b,21
e80bee440,78
7c10f4b8b,32
043666ac5,32
6b9570949,78
48689d750,5
6429d59a3,32
941dde56a,32
88ab1aed7,32
8482cd4e5,5
816ea6eb9,21
393d8efdd,32
1363038b9,21
66574442d,21
aaafbe4e9,78
048596edf,32
f157a3c6b,34
8a223576f,21
2ae165ee8,21
9264502a9,5
03c54f05f,21
35b87f500,21
f033adb55,32
a91c62b42,5
08c3da1cd,78
4d42fbb18,32
5c76c7057,32
f69355cc5,78
0535ccb68,21
f0dc59c83,78
f5207be25,32
bcd68e6b2,21
34aceeacc,34
f58f83775,21
d34eabf31,21
214121cb3,78
bb9565c29,32
5227d80bf,5
947bca713,32
bf9efeb37,21
fe1669ffd,21
8c59b2b7f,78
5f84c75f9,78
d8909ecab,5
7db44032e,32
bb1e822e8,21
b2004fc1c,21
41cbb748c,78
01597bbec,32
04721ef43,34
ce72a44fe,78
4d20e5f0e,32
226ff375e,78
9c64cb14d,32
7b1e459ef,32
b8c82be3f,21
fb9a6a9b5,21
9a6e4aacd,21
f811b7fa3,32
c6774c8ab,78
07f85cd68,5
5c66ca3ec,21
3a391563c,32
c63df66ce,32
434079379,21
149c9e414,78
84a3027c3,78
4198fad68,5
142929b13,78
f87390b13,21
7de565519,5
ff5d4568e,32
c6bb832b3,78
911c029b5,85
f76006728,5
36f394d24,78
fb67e5172,21
d20e60a1f,5
671ad3443,78
878cb5b42,5
7ac6f5ed5,32
897e8e24d,78
c93ecfaeb,32
7e2ed4d52,5
9a167fc40,32
8f7576edf,32
6ba2f9b54,32
45ad763cc,78
9e87cc8f0,5
f938ff523,78
1fe1115ee,5
c1e39ffe4,32
4e933f65c,21
f78eecf21,32
9cb714943,32
f8933e5d2,78
76bb433ee,5
41ffad9d1,32
26914358f,78
a21a2c1b2,78
0cf33d505,78
80ceb515c,34
44af20a55,5
2a158f54c,21
6273f48ef,78
29c460e2b,5
3875d3601,32
055988ad2,78
c404b8c8e,5
cd86aac5a,32
9ca216086,78
6162cab31,78
9d4d22004,32
e34bf0fa4,21
0cfca4a37,5
47f47a868,5
27c1d078f,32
b9b88996b,5
e86e2a592,34
